,URL
0,https://economistsview.typepad.com/economistsview/2008/06/links-for-2008.html
1,https://economistsview.typepad.com/economistsview/2008/08/links-for-2008.html
2,https://economistsview.typepad.com/economistsview/2008/07/links-for-200-7.html
3,https://economistsview.typepad.com/economistsview/2008/10/links-for-20-19.html
4,https://economistsview.typepad.com/economistsview/2008/12/links-for-20-24.html
5,https://economistsview.typepad.com/economistsview/2008/12/links-for-20-14.html
6,https://economistsview.typepad.com/economistsview/2008/08/links-for-20-18.html
7,https://economistsview.typepad.com/economistsview/2008/11/links-for-20-24.html
8,https://economistsview.typepad.com/economistsview/2008/11/links-for-20-15.html
9,https://economistsview.typepad.com/economistsview/2008/06/links-for-20-15.html
10,https://economistsview.typepad.com/economistsview/2008/02/links-for-20-22.html
11,https://economistsview.typepad.com/economistsview/2008/09/links-for-20-16.html
12,https://economistsview.typepad.com/economistsview/2008/10/links-for-20-29.html
13,https://economistsview.typepad.com/economistsview/2008/12/links-for-200-2.html
14,https://economistsview.typepad.com/economistsview/2008/10/links-for-20-12.html
15,https://economistsview.typepad.com/economistsview/2008/11/links-for-20-29.html
16,https://economistsview.typepad.com/economistsview/2008/12/links-for-200-9.html
17,https://economistsview.typepad.com/economistsview/2008/05/links-for-20-29.html
18,https://economistsview.typepad.com/economistsview/2008/02/links-for-200-9.html
19,https://economistsview.typepad.com/economistsview/2008/06/links-for-20-13.html
20,https://economistsview.typepad.com/economistsview/2008/11/links-for-20-17.html
21,https://economistsview.typepad.com/economistsview/2008/10/links-for-200-5.html?p=1
22,https://economistsview.typepad.com/economistsview/2008/03/links-for-20-14.html
23,https://economistsview.typepad.com/economistsview/2008/05/links-for-20-29.html
24,https://economistsview.typepad.com/economistsview/2008/04/links-for-20-12.html
25,https://economistsview.typepad.com/economistsview/2008/02/links-for-200-3.html
26,https://economistsview.typepad.com/economistsview/2008/03/links-for-20-19.html
27,https://economistsview.typepad.com/economistsview/2008/05/links-for-20-21.html
28,https://economistsview.typepad.com/economistsview/2008/05/links-for-200-2.html
29,https://economistsview.typepad.com/economistsview/2011/08/links-for-2011-08-08.html
30,https://economistsview.typepad.com/economistsview/2009/01/links-for-200-7.html
31,https://economistsview.typepad.com/economistsview/2008/04/links-for-20-12.html
32,https://economistsview.typepad.com/economistsview/2008/10/links-for-20-27.html
33,https://economistsview.typepad.com/economistsview/2008/01/links-for-200-3.html
34,https://economistsview.typepad.com/economistsview/2008/09/links-for-20-25.html
35,https://economistsview.typepad.com/economistsview/2008/05/links-for-20-14.html
36,https://economistsview.typepad.com/economistsview/2008/08/links-for-20-20.html?p=2
37,https://economistsview.typepad.com/economistsview/2008/02/links-for-20-24.html
38,https://economistsview.typepad.com/economistsview/2008/05/links-for-20-20.html
39,https://economistsview.typepad.com/economistsview/2008/03/links-for-20-14.html
40,https://economistsview.typepad.com/economistsview/2008/03/links-for-20-19.html
41,https://economistsview.typepad.com/economistsview/2008/05/links-for-20-18.html
42,https://economistsview.typepad.com/economistsview/2008/06/links-for-20-26.html
43,https://economistsview.typepad.com/economistsview/2008/08/links-for-20-20.html?p=2
44,https://economistsview.typepad.com/economistsview/2009/01/links-for-200-7.html
45,https://economistsview.typepad.com/economistsview/2008/10/links-for-20-13.html
46,https://economistsview.typepad.com/economistsview/2008/05/links-for-200-6.html
47,https://economistsview.typepad.com/economistsview/2011/01/links-for-2011-01-16.html
48,https://economistsview.typepad.com/economistsview/2019/09/links-90519.html
49,https://economistsview.typepad.com/economistsview/2010/10/links-for-2010-10-25.html
50,https://economistsview.typepad.com/economistsview/2009/11/links-for-2009-11-09.html
51,https://economistsview.typepad.com/economistsview/2009/12/links-for-2009-12-16.html
52,https://economistsview.typepad.com/economistsview/2009/01/links-for-200-2.html
53,https://economistsview.typepad.com/economistsview/2009/11/links-for-2009-11-22.html
54,https://economistsview.typepad.com/economistsview/2009/01/links-for-200-4.html
55,https://economistsview.typepad.com/economistsview/2009/12/links-for-2009-12-23.html
56,https://economistsview.typepad.com/economistsview/2009/01/links-for-200-1.html
57,https://economistsview.typepad.com/economistsview/2009/01/links-for-20090127.html
58,https://economistsview.typepad.com/economistsview/2009/08/links-for-2009-08-29.html
59,https://economistsview.typepad.com/economistsview/2009/01/links-for-200-6.html
60,https://economistsview.typepad.com/economistsview/2009/12/links-for-2009-12-20.html
61,https://economistsview.typepad.com/economistsview/2009/12/links-for-2009-12-03.html
62,https://economistsview.typepad.com/economistsview/2009/10/links-for-2009-10-23.html
63,https://economistsview.typepad.com/economistsview/2009/11/links-for-2009-11-26.html
64,https://economistsview.typepad.com/economistsview/2009/01/links-for-200-7.html
65,https://economistsview.typepad.com/economistsview/2009/11/links-for-2009-11-10.html
66,https://economistsview.typepad.com/economistsview/2009/07/links-for-2009-07-14.html
67,https://economistsview.typepad.com/economistsview/2009/11/links-for-2009-11-18.html
68,https://economistsview.typepad.com/economistsview/2009/11/links-for-2009-11-15.html
69,https://economistsview.typepad.com/economistsview/2009/11/links-for-2009-11-19.html
70,https://economistsview.typepad.com/economistsview/2009/12/links-for-2009-12-06.html
71,https://economistsview.typepad.com/economistsview/2009/11/links-for-2009-11-20.html
72,https://economistsview.typepad.com/economistsview/2009/10/links-for-2009-10-20.html
73,https://economistsview.typepad.com/economistsview/2009/11/links-for-2009-11-24.html
74,https://economistsview.typepad.com/economistsview/2009/08/links-for-2009-08-07.html
75,https://economistsview.typepad.com/economistsview/2009/05/links-for-2009-05-07.html
76,https://economistsview.typepad.com/economistsview/2009/12/links-for-2009-12-14.html
77,https://economistsview.typepad.com/economistsview/2009/08/links-for-2009-08-14.html
78,https://economistsview.typepad.com/economistsview/2009/07/links-for-2009-07-12.html
79,https://economistsview.typepad.com/economistsview/2009/07/links-for-2009-07-16.html
80,https://economistsview.typepad.com/economistsview/2009/06/links-for-2009-06-03.html
81,https://economistsview.typepad.com/economistsview/2009/12/links-for-2009-12-18.html
82,https://economistsview.typepad.com/economistsview/2009/07/links-for-2009-07-15.html
83,https://economistsview.typepad.com/economistsview/2009/09/links-for-2009-09-28.html
84,https://economistsview.typepad.com/economistsview/2009/12/links-for-2009-12-19.html
85,https://economistsview.typepad.com/economistsview/2009/01/links-for-20090127.html
86,https://economistsview.typepad.com/economistsview/2009/09/links-for-2009-09-24.html
87,https://economistsview.typepad.com/economistsview/2009/09/links-for-2009-09-26.html
88,https://economistsview.typepad.com/economistsview/2009/04/links-for-2009-04-27.html
89,https://economistsview.typepad.com/economistsview/2009/09/links-for-2009-09-14.html
90,https://economistsview.typepad.com/economistsview/2009/08/links-for-2009-08-31.html
91,https://economistsview.typepad.com/economistsview/2009/08/links-for-2009-08-22.html?p=2
92,https://economistsview.typepad.com/economistsview/2009/04/links-for-20090422.html
93,https://economistsview.typepad.com/economistsview/2009/09/links-for-2009-09-12.html
94,https://economistsview.typepad.com/economistsview/2009/04/links-for-20090416.html
95,https://economistsview.typepad.com/economistsview/2009/04/links-for-20090414.html
96,https://economistsview.typepad.com/economistsview/2009/12/links-for-2009-12-06.html
97,https://economistsview.typepad.com/economistsview/2009/02/links-for-20090225.html
98,https://economistsview.typepad.com/economistsview/2009/04/links-for-20090413.html
99,https://economistsview.typepad.com/economistsview/2009/10/links-for-2009-10-10.html
100,https://economistsview.typepad.com/economistsview/2009/01/links-for-20090118.html
101,https://economistsview.typepad.com/economistsview/2009/06/links-for-2009-06-22.html
102,https://economistsview.typepad.com/economistsview/2009/08/links-for-20090825.html
103,https://economistsview.typepad.com/economistsview/2009/04/links-for-2009-04-29.html
104,https://economistsview.typepad.com/economistsview/2009/05/links-for-2009-05-17.html
105,https://economistsview.typepad.com/economistsview/2009/10/links-for-2009-10-15.html
106,https://economistsview.typepad.com/economistsview/2009/03/links-for-20090324.html
107,https://economistsview.typepad.com/economistsview/2009/03/links-for-20090314.html
108,https://economistsview.typepad.com/economistsview/2009/05/links-for-2009-05-25.html
109,https://economistsview.typepad.com/economistsview/2009/04/links-for-20090410.html
110,https://economistsview.typepad.com/economistsview/2009/02/links-for-20090301.html
111,https://economistsview.typepad.com/economistsview/2009/03/links-for-20090329.html
112,https://economistsview.typepad.com/economistsview/2009/07/links-for-2009-07-29.html
113,https://economistsview.typepad.com/economistsview/2009/03/links-for-20090328.html
114,https://economistsview.typepad.com/economistsview/2009/04/links-for-20090411.html
115,https://economistsview.typepad.com/economistsview/2009/04/links-for-2009-04-26.html
116,https://economistsview.typepad.com/economistsview/2009/03/links-for-20090327.html
117,https://economistsview.typepad.com/economistsview/2009/04/links-for-2009-04-25.html
118,https://economistsview.typepad.com/economistsview/2009/03/links-for-20090323.html
119,https://economistsview.typepad.com/economistsview/2009/04/links-for-20090420.html
120,https://economistsview.typepad.com/economistsview/2009/02/links-for-20090224.html
121,https://economistsview.typepad.com/economistsview/2010/12/links-for-2010-12-23.html
122,https://economistsview.typepad.com/economistsview/2010/01/links-for-2010-01-14.html
123,https://economistsview.typepad.com/economistsview/2010/01/links-for-2010-01-13.html
124,https://economistsview.typepad.com/economistsview/2010/11/links-for-2010-11-28.html
125,https://economistsview.typepad.com/economistsview/2010/04/links-for-2010-04-18.html
126,https://economistsview.typepad.com/economistsview/2010/09/links-for-2010-09-10.html
127,https://economistsview.typepad.com/economistsview/2010/12/links-for-2010-12-04.html
128,https://economistsview.typepad.com/economistsview/2010/06/links-for-2010-06-26.html
129,https://economistsview.typepad.com/economistsview/2010/01/links-for-2010-01-08.html
130,https://economistsview.typepad.com/economistsview/2010/03/links-for-2010-03-27.html
131,https://economistsview.typepad.com/economistsview/2010/10/links-for-2010-10-25.html
132,https://economistsview.typepad.com/economistsview/2010/09/links-for-2010-09-13.html
133,https://economistsview.typepad.com/economistsview/2010/04/links-for-2010-04-11.html
134,https://economistsview.typepad.com/economistsview/2010/09/links-for-2010-09-09.html
135,https://economistsview.typepad.com/economistsview/2010/10/links-for-2010-10-03.html
136,https://economistsview.typepad.com/economistsview/2010/06/links-for-2010-06-14.html
137,https://economistsview.typepad.com/economistsview/2010/03/links-for-2010-03-17-1.html
138,https://economistsview.typepad.com/economistsview/2010/09/links-for-2010-09-19.html
139,https://economistsview.typepad.com/economistsview/2010/09/links-for-2010-09-08.html
140,https://economistsview.typepad.com/economistsview/2010/01/links-for-2010-01-05.html
141,https://economistsview.typepad.com/economistsview/2010/08/links-for-2010-08-18.html
142,https://economistsview.typepad.com/economistsview/2010/03/links-for-2010-03-22.html
143,https://economistsview.typepad.com/economistsview/2010/06/links-for-2010-06-02.html
144,https://economistsview.typepad.com/economistsview/2010/05/links-for-2010-05-27.html
145,https://economistsview.typepad.com/economistsview/2010/11/links-for-2010-11-25.html
146,https://economistsview.typepad.com/economistsview/2010/06/links-for-2010-06-17.html
147,https://economistsview.typepad.com/economistsview/2010/11/links-for-2010-11-12.html
148,https://economistsview.typepad.com/economistsview/2010/12/links-for-2010-12-07.html
149,https://economistsview.typepad.com/economistsview/2010/11/links-for-2010-11-30-1.html
150,https://economistsview.typepad.com/economistsview/2010/08/links-for-2010-08-20.html
151,https://economistsview.typepad.com/economistsview/2010/11/links-for-2010-11-18.html
152,https://economistsview.typepad.com/economistsview/2010/11/links-for-2010-11-06.html
153,https://economistsview.typepad.com/economistsview/2010/11/links-for-2010-11-11.html
154,https://economistsview.typepad.com/economistsview/2010/07/links-for-2010-07-12.html
155,https://economistsview.typepad.com/economistsview/2010/07/links-for-2010-07-30.html
156,https://economistsview.typepad.com/economistsview/2010/07/links-for-2010-07-11.html
157,https://economistsview.typepad.com/economistsview/2010/12/links-for-2010-12-14-1.html
158,https://economistsview.typepad.com/economistsview/2010/10/links-for-2010-10-03.html
159,https://economistsview.typepad.com/economistsview/2010/09/links-for-2010-09-19.html
160,https://economistsview.typepad.com/economistsview/2010/10/links-for-2010-10-25.html
161,https://economistsview.typepad.com/economistsview/2010/04/links-for-2010-04-12.html
162,https://economistsview.typepad.com/economistsview/2010/12/links-for-2010-12-04.html
163,https://economistsview.typepad.com/economistsview/2010/01/links-for-2010-01-29.html
164,https://economistsview.typepad.com/economistsview/2010/02/links-for-2010-02-28.html
165,https://economistsview.typepad.com/economistsview/2010/08/links-for-2010-08-26.html
166,https://economistsview.typepad.com/economistsview/2010/09/links-for-2010-09-28.html
167,https://economistsview.typepad.com/economistsview/2010/10/links-for-2010-10-26.html
168,https://economistsview.typepad.com/economistsview/2010/01/links-for-2010-01-18.html
169,https://economistsview.typepad.com/economistsview/2010/08/links-for-2010-08-14.html
170,https://economistsview.typepad.com/economistsview/2010/09/links-for-2010-09-24.html
171,https://economistsview.typepad.com/economistsview/2010/06/links-for-2010-06-26.html
172,https://economistsview.typepad.com/economistsview/2010/09/links-for-2010-09-27.html
173,https://economistsview.typepad.com/economistsview/2010/01/links-for-2010-01-21.html
174,https://economistsview.typepad.com/economistsview/2010/06/links-for-2010-06-09.html
175,https://economistsview.typepad.com/economistsview/2010/02/links-for-2010-02-25.html
176,https://economistsview.typepad.com/economistsview/2010/05/links-for-2010-05-26.html
177,https://economistsview.typepad.com/economistsview/2010/04/links-for-2010-04-05.html
178,https://economistsview.typepad.com/economistsview/2010/03/links-for-2010-03-24.html
179,https://economistsview.typepad.com/economistsview/2010/03/links-for-2010-03-20.html
180,https://economistsview.typepad.com/economistsview/2010/03/links-for-2010-03-03.html
181,https://economistsview.typepad.com/economistsview/2010/05/links-for-2010-05-29.html
182,https://economistsview.typepad.com/economistsview/2010/08/links-for-2010-08-04.html
183,https://economistsview.typepad.com/economistsview/2010/01/links-for-2010-01-31.html
184,https://economistsview.typepad.com/economistsview/2010/05/links-for-2010-05-10.html
185,https://economistsview.typepad.com/economistsview/2010/03/links-for-2010-03-08.html
186,https://economistsview.typepad.com/economistsview/2010/07/links-for-2010-07-08.html
187,https://economistsview.typepad.com/economistsview/2010/03/links-for-2010-03-09.html
188,https://economistsview.typepad.com/economistsview/2010/07/links-for-2010-07-26.html
189,https://economistsview.typepad.com/economistsview/2010/07/links-for-2010-07-30.html
190,https://economistsview.typepad.com/economistsview/2010/05/links-for-2010-05-01.html
191,https://economistsview.typepad.com/economistsview/2010/08/links-for-2010-08-25.html
192,https://economistsview.typepad.com/economistsview/2010/08/links-for-2010-08-03.html
193,https://economistsview.typepad.com/economistsview/2010/05/links-for-2010-05-17.html
194,https://economistsview.typepad.com/economistsview/2010/08/links-for-2010-08-06.html
195,https://economistsview.typepad.com/economistsview/2010/05/links-for-2010-05-25.html
196,https://economistsview.typepad.com/economistsview/2010/05/links-for-2010-05-08.html
197,https://economistsview.typepad.com/economistsview/2010/07/links-for-2010-07-21.html
198,https://economistsview.typepad.com/economistsview/2010/02/links-for-2010-02-09.html
199,https://economistsview.typepad.com/economistsview/2010/04/links-for-2010-04-01.html
200,https://economistsview.typepad.com/economistsview/2010/02/links-for-2010-02-26.html
201,https://economistsview.typepad.com/economistsview/2010/06/links-for-2010-06-21.html
202,https://economistsview.typepad.com/economistsview/2010/05/links-for-2010-05-11.html
203,https://economistsview.typepad.com/economistsview/2010/04/links-for-2010-04-30.html
204,https://economistsview.typepad.com/economistsview/2010/06/links-for-2010-06-05.html
205,https://economistsview.typepad.com/economistsview/2010/04/links-for-2010-04-27.html
206,https://economistsview.typepad.com/economistsview/2010/06/links-for-2010-06-03.html
207,https://economistsview.typepad.com/economistsview/2010/02/links-for-2010-02-11.html
208,https://economistsview.typepad.com/economistsview/2011/11/links-for-2011-11-20.html
209,https://economistsview.typepad.com/economistsview/2011/12/links-for-2011-12-01.html
210,https://economistsview.typepad.com/economistsview/2011/10/links-for-2011-10-26.html
211,https://economistsview.typepad.com/economistsview/2011/01/links-for-2011-01-15.html
212,https://economistsview.typepad.com/economistsview/2011/11/links-for-2011-11-09.html
213,https://economistsview.typepad.com/economistsview/2011/01/links-for-2011-01-24.html
214,https://economistsview.typepad.com/economistsview/2011/08/links-for-2011-08-15.html
215,https://economistsview.typepad.com/economistsview/2011/04/links-for-2011-04-28.html
216,https://economistsview.typepad.com/economistsview/2011/01/links-for-2011-01-26.html
217,https://economistsview.typepad.com/economistsview/2011/01/links-for-2011-01-17.html
218,https://economistsview.typepad.com/economistsview/2011/11/links-for-2011-11-01.html
219,https://economistsview.typepad.com/economistsview/2011/01/links-for-2011-01-14.html
220,https://economistsview.typepad.com/economistsview/2011/03/links-for-2011-03-14.html
221,https://economistsview.typepad.com/economistsview/2011/03/links-for-2011-03-28.html
222,https://economistsview.typepad.com/economistsview/2011/12/links-for-2011-12-31.html
223,https://economistsview.typepad.com/economistsview/2011/11/links-for-2011-11-03.html
224,https://economistsview.typepad.com/economistsview/2011/02/links-for-2011-02-13.html
225,https://economistsview.typepad.com/economistsview/2011/11/links-for-2011-11-05.html
226,https://economistsview.typepad.com/economistsview/2011/02/links-for-2011-02-16.html
227,https://economistsview.typepad.com/economistsview/2011/08/links-for-2011-08-16.html
228,https://economistsview.typepad.com/economistsview/2011/11/links-for-2011-11-02.html
229,https://economistsview.typepad.com/economistsview/2011/10/links-for-2011-10-03.html
230,https://economistsview.typepad.com/economistsview/2011/02/links-for-2011-02-23.html
231,https://economistsview.typepad.com/economistsview/2011/06/links-for-2011-06-28.html
232,https://economistsview.typepad.com/economistsview/2011/02/links-for-2011-02-25.html
233,https://economistsview.typepad.com/economistsview/2011/03/links-for-2011-03-08.html
234,https://economistsview.typepad.com/economistsview/2011/12/links-for-2011-12-20.html
235,https://economistsview.typepad.com/economistsview/2011/07/links-for-2011-07-10.html
236,https://economistsview.typepad.com/economistsview/2011/03/links-for-2011-03-18.html
237,https://economistsview.typepad.com/economistsview/2011/07/links-for-2011-07-09.html
238,https://economistsview.typepad.com/economistsview/2011/07/links-for-2011-07-15.html
239,https://economistsview.typepad.com/economistsview/2011/02/links-for-2011-02-24.html
240,https://economistsview.typepad.com/economistsview/2011/03/links-for-2011-03-07.html
241,https://economistsview.typepad.com/economistsview/2011/09/links-for-2011-09-28.html
242,https://economistsview.typepad.com/economistsview/2011/01/links-for-2011-01-09-1.html
243,https://economistsview.typepad.com/economistsview/2011/04/links-for-2011-04-09.html
244,https://economistsview.typepad.com/economistsview/2011/08/links-for-2011-08-23.html
245,https://economistsview.typepad.com/economistsview/2011/01/links-for-2011-01-29.html
246,https://economistsview.typepad.com/economistsview/2011/04/links-for-2011-04-17.html
247,https://economistsview.typepad.com/economistsview/2011/01/links-for-2011-01-06.html
248,https://economistsview.typepad.com/economistsview/2011/08/links-for-2011-08-27.html
249,https://economistsview.typepad.com/economistsview/2011/04/links-for-2011-04-11.html
250,https://economistsview.typepad.com/economistsview/2011/01/links-for-2011-01-31.html
251,https://economistsview.typepad.com/economistsview/2011/01/links-for-2011-01-28.html
252,https://economistsview.typepad.com/economistsview/2011/11/links-for-2011-11-04.html
253,https://economistsview.typepad.com/economistsview/2011/04/links-for-2011-04-06.html
254,https://economistsview.typepad.com/economistsview/2011/04/links-for-2011-04-02.html
255,https://economistsview.typepad.com/economistsview/2011/09/links-for-2011-09-29-1.html
256,https://economistsview.typepad.com/economistsview/2011/08/links-for-2011-08-08.html
257,https://economistsview.typepad.com/economistsview/2011/03/links-for-2011-03-08.html
258,https://economistsview.typepad.com/economistsview/2011/06/links-for-2011-06-22.html
259,https://economistsview.typepad.com/economistsview/2011/09/links-for-2011-09-06.html
260,https://economistsview.typepad.com/economistsview/2011/09/links-for-2011-09-01.html
261,https://economistsview.typepad.com/economistsview/2011/08/links-for-2011-08-10.html
262,https://economistsview.typepad.com/economistsview/2011/04/links-for-2011-04-16.html
263,https://economistsview.typepad.com/economistsview/2011/09/links-for-2011-09-10.html
264,https://economistsview.typepad.com/economistsview/2011/03/links-for-2011-03-30.html
265,https://economistsview.typepad.com/economistsview/2011/07/links-for-2011-07-08.html
266,https://economistsview.typepad.com/economistsview/2011/02/links-for-2011-02-24.html
267,https://economistsview.typepad.com/economistsview/2011/08/links-for-2011-08-11.html
268,https://economistsview.typepad.com/economistsview/2011/07/links-for-2011-07-22.html
269,https://economistsview.typepad.com/economistsview/2011/11/links-for-2011-11-07.html
270,https://economistsview.typepad.com/economistsview/2011/09/links-for-2011-09-20.html
271,https://economistsview.typepad.com/economistsview/2011/03/links-for-2011-03-31.html
272,https://economistsview.typepad.com/economistsview/2011/02/links-for-2011-02-22.html
273,https://economistsview.typepad.com/economistsview/2011/01/links-for-2011-01-05.html
274,https://economistsview.typepad.com/economistsview/2011/05/links-for-2011-05-26.html
275,https://economistsview.typepad.com/economistsview/2011/07/links-for-2011-07-12.html
276,https://economistsview.typepad.com/economistsview/2011/05/links-for-2011-05-24.html
277,https://economistsview.typepad.com/economistsview/2011/11/links-for-2011-11-04.html
278,https://economistsview.typepad.com/economistsview/2011/09/links-for-2011-09-09.html
279,https://economistsview.typepad.com/economistsview/2011/03/links-for-2011-03-31.html
280,https://economistsview.typepad.com/economistsview/2011/09/links-for-2011-09-20.html
281,https://economistsview.typepad.com/economistsview/2011/05/links-for-2011-05-11.html
282,https://economistsview.typepad.com/economistsview/2011/04/links-for-2011-04-16.html
283,https://economistsview.typepad.com/economistsview/2011/05/links-for-2011-05-04.html
284,https://economistsview.typepad.com/economistsview/2011/12/hiding-behind-links.html
285,https://economistsview.typepad.com/economistsview/2010/11/links-for-2010-11-12.html
286,https://economistsview.typepad.com/economistsview/2012/11/links-for-11-23-2012.html
287,https://economistsview.typepad.com/economistsview/2012/01/links-for-2012-01-05.html
288,https://economistsview.typepad.com/economistsview/2010/11/links-for-2010-11-11.html
289,https://economistsview.typepad.com/economistsview/2010/11/links-for-2010-11-25.html
290,https://economistsview.typepad.com/economistsview/2010/11/links-for-2010-11-06.html
291,https://economistsview.typepad.com/economistsview/2015/07/links-for-07-11-15.html
292,https://economistsview.typepad.com/economistsview/2012/11/links-for-11-02-2012.html
293,https://economistsview.typepad.com/economistsview/2011/12/hiding-behind-links.html
294,https://economistsview.typepad.com/economistsview/2011/02/egypt-links.html
295,https://economistsview.typepad.com/economistsview/2014/12/links-for-12-11-14.html
296,https://economistsview.typepad.com/economistsview/2010/01/links-for-2010-01-08.html
297,https://economistsview.typepad.com/economistsview/2010/12/links-for-2010-12-17.html
298,https://economistsview.typepad.com/economistsview/2010/12/links-for-2010-12-21.html
299,https://economistsview.typepad.com/economistsview/2012/11/links-for-11-29-2012.html
300,https://economistsview.typepad.com/economistsview/2010/01/links-for-2010-01-21.html
301,https://economistsview.typepad.com/economistsview/2012/10/links-for-10-04-2012.html
302,https://economistsview.typepad.com/economistsview/2014/07/links-for-7-23-14.html
303,https://economistsview.typepad.com/economistsview/2012/04/links-for-2012-04-14.html
304,https://economistsview.typepad.com/economistsview/2009/03/links-for-20090314.html
305,https://economistsview.typepad.com/economistsview/2009/11/links-for-2009-11-18.html
306,https://economistsview.typepad.com/economistsview/2015/08/links-for-08-15-15.html
307,https://economistsview.typepad.com/economistsview/2010/01/links-for-2010-01-19.html
308,https://economistsview.typepad.com/economistsview/2009/11/links-for-2009-11-19.html
309,https://economistsview.typepad.com/economistsview/2010/07/links-for-2010-07-26.html
310,https://economistsview.typepad.com/economistsview/2009/10/links-for-2009-10-20.html
311,https://economistsview.typepad.com/economistsview/2017/11/links-for-11-06-17.html
312,https://economistsview.typepad.com/economistsview/2009/08/links-for-2009-08-14.html
313,https://economistsview.typepad.com/economistsview/2009/06/links-for-2009-06-22.html
314,https://economistsview.typepad.com/economistsview/2012/07/links-for-07-11-2012.html
315,https://economistsview.typepad.com/economistsview/2017/03/links-for-03-22-06.html
316,https://economistsview.typepad.com/economistsview/2015/11/links-for-11-03-15.html
317,https://economistsview.typepad.com/economistsview/2013/08/links-for-08-06-2013.html
318,https://economistsview.typepad.com/economistsview/2015/12/links-for-12-17-15.html
319,https://economistsview.typepad.com/economistsview/2013/06/links-for-06-10-2013.html
320,https://economistsview.typepad.com/economistsview/2018/03/links-for-03-23-18.html
321,https://economistsview.typepad.com/economistsview/2013/08/links-for-08-30-2013.html
322,https://economistsview.typepad.com/economistsview/2009/07/links-for-2009-07-16.html
323,https://economistsview.typepad.com/economistsview/2015/11/links-for-11-10115.html
324,https://economistsview.typepad.com/economistsview/2012/03/links-for-2012-03-14.html
325,https://economistsview.typepad.com/economistsview/2012/12/links-for-12-02-2012.html
326,https://economistsview.typepad.com/economistsview/2012/12/links-for-12-16-2012.html
327,https://economistsview.typepad.com/economistsview/2012/12/links-for-12-26-2012.html
328,https://economistsview.typepad.com/economistsview/2012/03/links-for-2012-03-09.html
329,https://economistsview.typepad.com/economistsview/2012/12/links-for-12-23-2012.html
330,https://economistsview.typepad.com/economistsview/2012/02/links-for-2012-02-01.html
331,https://economistsview.typepad.com/economistsview/2012/12/links-for-12-30-2012.html
332,https://economistsview.typepad.com/economistsview/2012/03/links-for-2012-03-17.html
333,https://economistsview.typepad.com/economistsview/2012/04/links-for-2012-04-27.html
334,https://economistsview.typepad.com/economistsview/2012/04/links-for-2012-04-10.html
335,https://economistsview.typepad.com/economistsview/2012/12/links-for-12-14-2012.html
336,https://economistsview.typepad.com/economistsview/2012/02/links-for-2012-02-19.html
337,https://economistsview.typepad.com/economistsview/2012/02/links-for-2012-02-12.html
338,https://economistsview.typepad.com/economistsview/2012/08/links-for-08-17-2012.html
339,https://economistsview.typepad.com/economistsview/2012/09/links-for-09-29-2012.html
340,https://economistsview.typepad.com/economistsview/2012/10/links-for-10-13-2012.html
341,https://economistsview.typepad.com/economistsview/2012/09/links-for-09-22-2012.html
342,https://economistsview.typepad.com/economistsview/2012/05/links-for-2012-05-13.html
343,https://economistsview.typepad.com/economistsview/2012/05/links-for-2012-05-15.html
344,https://economistsview.typepad.com/economistsview/2012/05/links-for-2012-05-22.html
345,https://economistsview.typepad.com/economistsview/2012/01/links-for-2012-01-05.html
346,https://economistsview.typepad.com/economistsview/2012/02/links-for-2012-02-18.html
347,https://economistsview.typepad.com/economistsview/2012/05/links-for-2012-05-30.html
348,https://economistsview.typepad.com/economistsview/2012/05/links-for-2012-05-05.html
349,https://economistsview.typepad.com/economistsview/2012/06/links-for-06-12-2012.html
350,https://economistsview.typepad.com/economistsview/2012/05/links-for-2012-05-08.html
351,https://economistsview.typepad.com/economistsview/2012/10/links-for-10-06-2012.html
352,https://economistsview.typepad.com/economistsview/2012/05/links-for-2012-05-21.html
353,https://economistsview.typepad.com/economistsview/2012/07/links-for-07-21-2012.html
354,https://economistsview.typepad.com/economistsview/2012/11/links-for-11-20-2012.html
355,https://economistsview.typepad.com/economistsview/2012/10/links-for-10-17-2012.html
356,https://economistsview.typepad.com/economistsview/2012/11/links-for-11-02-2012.html
357,https://economistsview.typepad.com/economistsview/2012/01/links-for-2012-01-12.html
358,https://economistsview.typepad.com/economistsview/2012/05/links-for-2012-05-16.html
359,https://economistsview.typepad.com/economistsview/2012/12/links-for-12-28-2012.html
360,https://economistsview.typepad.com/economistsview/2012/09/links-for-09-29-2012.html
361,https://economistsview.typepad.com/economistsview/2012/08/links-for-08-17-2012.html
362,https://economistsview.typepad.com/economistsview/2012/01/links-for-2012-01-05.html
363,https://economistsview.typepad.com/economistsview/2012/10/links-for-10-04-2012.html
364,https://economistsview.typepad.com/economistsview/2012/11/links-for-11-08-2012.html
365,https://economistsview.typepad.com/economistsview/2012/01/links-for-2012-01-23.html
366,https://economistsview.typepad.com/economistsview/2012/04/links-for-2012-04-30.html
367,https://economistsview.typepad.com/economistsview/2012/10/links-for-10-22-2012.html
368,https://economistsview.typepad.com/economistsview/2012/06/links-for-06-04-2012.html
369,https://economistsview.typepad.com/economistsview/2012/07/links-for-07-31-2012.html
370,https://economistsview.typepad.com/economistsview/2012/07/links-for-07-21-2012.html
371,https://economistsview.typepad.com/economistsview/2012/03/links-for-2012-03-14.html
372,https://economistsview.typepad.com/economistsview/2012/02/links-for-2012-02-18.html
373,https://economistsview.typepad.com/economistsview/2012/04/links-for-2012-04-13.html
374,https://economistsview.typepad.com/economistsview/2012/05/links-for-2012-05-11.html
375,https://economistsview.typepad.com/economistsview/2012/05/links-for-2012-05-24.html
376,https://economistsview.typepad.com/economistsview/2012/08/links-for-08-08-2012.html
377,https://economistsview.typepad.com/economistsview/2012/10/links-for-10-06-2012.html
378,https://economistsview.typepad.com/economistsview/2012/05/links-for-2012-05-22.html
379,https://economistsview.typepad.com/economistsview/2012/10/links-for-10-30-2012.html
380,https://economistsview.typepad.com/economistsview/2012/10/links-for-10-17-2012.html
381,https://economistsview.typepad.com/economistsview/2012/05/links-for-2012-05-03.html
382,https://economistsview.typepad.com/economistsview/2012/08/links-for-08-09-2012.html
383,https://economistsview.typepad.com/economistsview/2012/04/links-for-2012-04-02.html
384,https://economistsview.typepad.com/economistsview/2011/12/links-for-2011-12-31.html
385,https://economistsview.typepad.com/economistsview/2013/01/links-for-01-01-2013.html
386,https://economistsview.typepad.com/economistsview/2013/01/links-for-01-04-2013.html
387,https://economistsview.typepad.com/economistsview/2013/10/links-for-10-13-2013.html
388,https://economistsview.typepad.com/economistsview/2013/01/links-for-01-18-2013.html
389,https://economistsview.typepad.com/economistsview/2013/01/links-for-01-21-2013.html
390,https://economistsview.typepad.com/economistsview/2013/01/links-for-01-30-2013.html
391,https://economistsview.typepad.com/economistsview/2013/01/links-for-01-14-2013.html
392,https://economistsview.typepad.com/economistsview/2013/01/links-for-01-31-2013.html
393,https://economistsview.typepad.com/economistsview/2013/12/links-for-12-15-2013.html
394,https://economistsview.typepad.com/economistsview/2013/06/links-for-06-14-2013.html
395,https://economistsview.typepad.com/economistsview/2013/04/links-for-04-07-2013.html
396,https://economistsview.typepad.com/economistsview/2013/01/links-for-01-23-2013.html
397,https://economistsview.typepad.com/economistsview/2013/06/links-for-06-12-2013.html
398,https://economistsview.typepad.com/economistsview/2013/08/links-for-08-09-2013.html
399,https://economistsview.typepad.com/economistsview/2013/08/links-for-08-13-2013.html
400,https://economistsview.typepad.com/economistsview/2013/08/links-for-08-06-2013.html
401,https://economistsview.typepad.com/economistsview/2013/09/links-for-09-24-2013.html
402,https://economistsview.typepad.com/economistsview/2013/10/links-for-10-12-2013.html
403,https://economistsview.typepad.com/economistsview/2013/03/links-for-03-30-2013.html
404,https://economistsview.typepad.com/economistsview/2013/09/links-for-09-20-2013.html
405,https://economistsview.typepad.com/economistsview/2013/02/links-for-02-15-2013.html
406,https://economistsview.typepad.com/economistsview/2013/08/links-for-08-28-2013.html
407,https://economistsview.typepad.com/economistsview/2013/07/links-for-07-15-2013.html
408,https://economistsview.typepad.com/economistsview/2013/05/links.html
409,https://economistsview.typepad.com/economistsview/2013/03/links-for-03-24-2013.html
410,https://economistsview.typepad.com/economistsview/2013/07/links-for-07-12-2013.html
411,https://economistsview.typepad.com/economistsview/2013/11/links-for-11-19-2013.html
412,https://economistsview.typepad.com/economistsview/2013/03/links-for-03-20-2013.html
413,https://economistsview.typepad.com/economistsview/2013/02/links-for-02-22-2013.html
414,https://economistsview.typepad.com/economistsview/2013/11/links-for-11-21-2013.html
415,https://economistsview.typepad.com/economistsview/2013/05/links-for-05-24-2013.html
416,https://economistsview.typepad.com/economistsview/2013/05/links-for-05-31-2013.html
417,https://economistsview.typepad.com/economistsview/2013/08/links-for-08-10-2013.html
418,https://economistsview.typepad.com/economistsview/2013/02/links-for-02-11-2013.html
419,https://economistsview.typepad.com/economistsview/2013/05/links-for-05-20-2013.html
420,https://economistsview.typepad.com/economistsview/2013/11/links-for-11-30-2013.html
421,https://economistsview.typepad.com/economistsview/2013/08/links-for-08-13-2013.html
422,https://economistsview.typepad.com/economistsview/2013/01/links-for-01-03-2013.html
423,https://economistsview.typepad.com/economistsview/2013/09/links-for-09-21-2013.html
424,https://economistsview.typepad.com/economistsview/2013/06/links-for-06-12-2013.html
425,https://economistsview.typepad.com/economistsview/2013/03/links-for-03-12-2013.html
426,https://economistsview.typepad.com/economistsview/2013/06/links-for-06-06-2013.html
427,https://economistsview.typepad.com/economistsview/2013/04/links-for-04-04-2013.html
428,https://economistsview.typepad.com/economistsview/2013/09/links-for-09-28-2013.html
429,https://economistsview.typepad.com/economistsview/2013/09/links-for-09-16-2013.html
430,https://economistsview.typepad.com/economistsview/2013/08/links-for-08-09-2013.html
431,https://economistsview.typepad.com/economistsview/2013/09/links-for-09-06-2013.html
432,https://economistsview.typepad.com/economistsview/2013/02/links-for-02-12-2013.html
433,https://economistsview.typepad.com/economistsview/2013/03/links-for-03-20-2013.html
434,https://economistsview.typepad.com/economistsview/2013/03/links-for-03-26-2013.html
435,https://economistsview.typepad.com/economistsview/2013/08/links-for-08-10-2013.html
436,https://economistsview.typepad.com/economistsview/2013/07/links-for-07-15-2013.html
437,https://economistsview.typepad.com/economistsview/2013/05/links.html
438,https://economistsview.typepad.com/economistsview/2013/03/links-for-03-19-2013.html
439,https://economistsview.typepad.com/economistsview/2013/02/links-for-02-14-2013.html
440,https://economistsview.typepad.com/economistsview/2013/09/links-for-09-19-2013.html
441,https://economistsview.typepad.com/economistsview/2013/10/links-for-10-14-2013.html
442,https://economistsview.typepad.com/economistsview/2013/02/links-for-02-16-2013.html
443,https://economistsview.typepad.com/economistsview/2013/02/links-for-02-05-2013.html
444,https://economistsview.typepad.com/economistsview/2013/02/links-for-02-04-2013.html
445,https://economistsview.typepad.com/economistsview/2013/05/links-for-05-20-2013.html
446,https://economistsview.typepad.com/economistsview/2013/03/links-for-03-07-2013.html
447,https://economistsview.typepad.com/economistsview/2013/05/links-for-05-17-2013.html
448,https://economistsview.typepad.com/economistsview/2013/02/links-for-02-07-2013.html
449,https://economistsview.typepad.com/economistsview/2013/07/links-for-07-29-2013.html
450,https://economistsview.typepad.com/economistsview/2013/05/links-for-05-02-2013.html
451,https://economistsview.typepad.com/economistsview/2012/12/links-for-12-14-2012.html
452,https://economistsview.typepad.com/economistsview/2012/12/links-for-12-14-2012.html
453,https://economistsview.typepad.com/economistsview/2014/01/links-for-01-10-2014.html
454,https://economistsview.typepad.com/economistsview/2014/10/links-for-10-14-14.html
455,https://economistsview.typepad.com/economistsview/2014/08/links-for-8-13-14.html
456,https://economistsview.typepad.com/economistsview/2014/12/links-for-12-23-14.html
457,https://economistsview.typepad.com/economistsview/2014/01/links-for-01-18-2014.html
458,https://economistsview.typepad.com/economistsview/2014/02/links-for-02-19-2014.html
459,https://economistsview.typepad.com/economistsview/2014/08/links-for-8-15-14.html
460,https://economistsview.typepad.com/economistsview/2014/02/links-for-02-17-2014.html
461,https://economistsview.typepad.com/economistsview/2014/02/links-for-02-23-2014.html
462,https://economistsview.typepad.com/economistsview/2014/02/links-for-02-07-2014.html
463,https://economistsview.typepad.com/economistsview/2014/02/links-for-02-11-2014.html
464,https://economistsview.typepad.com/economistsview/2014/08/links-for-8-06-14.html
465,https://economistsview.typepad.com/economics470/2006/01/fed_links.html
466,https://economistsview.typepad.com/economistsview/2014/12/links-for-12-05-14.html
467,https://economistsview.typepad.com/economistsview/2014/05/links-for-5-28-14.html
468,https://economistsview.typepad.com/economistsview/2014/10/links-for-10-16-14.html
469,https://economistsview.typepad.com/economistsview/2014/12/links-for-12-11-14.html
470,https://economistsview.typepad.com/economistsview/2014/04/links-for-4-01-14.html
471,https://economistsview.typepad.com/economistsview/2014/06/links-for-6-24-14.html
472,https://economistsview.typepad.com/economistsview/2014/04/links-for-4-22-14.html?p=2
473,https://economistsview.typepad.com/economistsview/2014/10/links-for-10-15-14.html
474,https://economistsview.typepad.com/economistsview/2014/03/links-for-3-28-14.html
475,https://economistsview.typepad.com/economistsview/2014/06/links-for-6-25-14.html
476,https://economistsview.typepad.com/economistsview/2014/04/links-for-4-02-14.html
477,https://economistsview.typepad.com/economistsview/2014/06/links-for-6-30-14.html
478,https://economistsview.typepad.com/economistsview/2014/07/links-for-7-08-14.html
479,https://economistsview.typepad.com/economistsview/2014/07/links-for-7-22-14.html
480,https://economistsview.typepad.com/economistsview/2014/07/links-for-7-30-14.html
481,https://economistsview.typepad.com/economistsview/2014/09/links-for-9-19-14.html
482,https://economistsview.typepad.com/economistsview/2014/11/links-for-11-01-14.html
483,https://economistsview.typepad.com/economistsview/2014/04/links-for-4-25-14.html
484,https://economistsview.typepad.com/economistsview/2014/06/links-for-6-23-14.html
485,https://economistsview.typepad.com/economistsview/2014/10/links-for-10-21-14.html
486,https://economistsview.typepad.com/economistsview/2014/04/links-for-4-16-14.html?p=1
487,https://economistsview.typepad.com/economistsview/2014/08/links-for-8-17-14.html
488,https://economistsview.typepad.com/economistsview/2014/06/links-for-6-19-14.html
489,https://economistsview.typepad.com/economistsview/2014/04/links-for-4-03-14.html
490,https://economistsview.typepad.com/economistsview/2014/03/links-for-3-19-14.html
491,https://economistsview.typepad.com/economistsview/2015/01/links-for-01-08-15.html?p=1
492,https://economistsview.typepad.com/economistsview/2011/12/links-for-2011-12-23.html
493,https://economistsview.typepad.com/timduy/2014/02/links-for-2-25-14.html
494,https://economistsview.typepad.com/economistsview/2013/02/links-for-02-07-2013.html
495,https://economistsview.typepad.com/economistsview/2015/06/links-for-06-27-15.html
496,https://economistsview.typepad.com/economistsview/2015/01/links-for-01-08-15.html
497,https://economistsview.typepad.com/economistsview/2015/07/links-for-07-14-15.html
498,https://economistsview.typepad.com/economistsview/2015/08/links-for-08-15-15.html
499,https://economistsview.typepad.com/economistsview/2015/08/links-for-08-08-15.html
500,https://economistsview.typepad.com/economistsview/2015/07/links-for-07-05-15.html
501,https://economistsview.typepad.com/economistsview/2015/07/links-for-07-20-15.html
502,https://economistsview.typepad.com/economistsview/2015/08/links-for-08-04-15.html
503,https://economistsview.typepad.com/economistsview/2015/07/links-for-07-26-15.html
504,https://economistsview.typepad.com/economistsview/2015/07/links-for-07-07-15.html
505,https://economistsview.typepad.com/.m/economistsview/2016/09/links-for-09-14-16/comments/
506,https://economistsview.typepad.com/economistsview/2015/12/links-for-12-18-15.html
507,https://economistsview.typepad.com/economistsview/2015/09/links-for-09-18-15.html
508,https://economistsview.typepad.com/economistsview/2015/09/links-for-09-16-15.html
509,https://economistsview.typepad.com/economistsview/2015/11/links-for-11-29-15.html
510,https://economistsview.typepad.com/economistsview/2015/12/links-for-12-14-15.html
511,https://economistsview.typepad.com/economistsview/2015/12/links-for-12-21-15.html
512,https://economistsview.typepad.com/economistsview/2015/06/links-for-06-27-15.html
513,https://economistsview.typepad.com/economistsview/2015/09/links-for-09-17-15.html
514,https://economistsview.typepad.com/economistsview/2015/08/links-for-08-13-15.html
515,https://economistsview.typepad.com/economistsview/2015/06/links-for-06-13-15.html
516,https://economistsview.typepad.com/economistsview/2015/10/links-for-10-27-15.html
517,https://economistsview.typepad.com/economistsview/2015/06/links-for-06-06-15.html
518,https://economistsview.typepad.com/economistsview/2015/05/links-for-05-19-15.html
519,https://economistsview.typepad.com/economistsview/2015/02/links-for-02-25-15.html
520,https://economistsview.typepad.com/economistsview/2015/05/links-for-05-07-15.html
521,https://economistsview.typepad.com/economistsview/2015/02/links-for-02-27-15.html
522,https://economistsview.typepad.com/economistsview/2015/06/links-for-06-09-15.html
523,https://economistsview.typepad.com/economistsview/2015/02/links-for-02-07-15.html
524,https://economistsview.typepad.com/economistsview/2015/07/links-for-07-25-15.html
525,https://economistsview.typepad.com/economistsview/2015/11/links-for-11-03-15.html
526,https://economistsview.typepad.com/economistsview/2015/12/links-for-12-18-15.html
527,https://economistsview.typepad.com/economistsview/2015/01/links-for-01-29-15.html
528,https://economistsview.typepad.com/economistsview/2015/04/links-for-04-26-15.html
529,https://economistsview.typepad.com/economistsview/2015/07/links-for-07-26-15.html
530,https://economistsview.typepad.com/economistsview/2015/08/links-for-08-19-15.html
531,https://economistsview.typepad.com/economistsview/2015/06/links-for-06-06-15.html
532,https://economistsview.typepad.com/economistsview/2015/03/links-for-03-09-15.html
533,https://economistsview.typepad.com/economistsview/2015/08/links-for-08-30-15.html
534,https://economistsview.typepad.com/economistsview/2015/06/links-for-06-09-15.html
535,https://economistsview.typepad.com/economistsview/2015/10/links-for-10-05-15.html
536,https://economistsview.typepad.com/economistsview/2015/05/links-for-05-07-15.html
537,https://economistsview.typepad.com/economistsview/2015/02/links-for-02-13-15.html
538,https://economistsview.typepad.com/economistsview/2015/02/links-for-02-07-15.html
539,https://economistsview.typepad.com/economistsview/2015/01/links-for-01-29-15.html
540,https://economistsview.typepad.com/economistsview/2015/10/links-for-10-20-15.html
541,https://economistsview.typepad.com/economistsview/2015/06/links-for-06-04-15.html
542,https://economistsview.typepad.com/economistsview/2015/04/links-for-04-26-15.html
543,https://economistsview.typepad.com/economistsview/2015/06/links-for-06-09-15.html
544,https://economistsview.typepad.com/economistsview/2015/05/links-for-05-28-15.html
545,https://economistsview.typepad.com/economistsview/2015/05/links-for-05-11-15.html
546,https://economistsview.typepad.com/economistsview/2015/02/links-for-02-27-15.html
547,https://economistsview.typepad.com/economistsview/2015/03/links-for-03-19-15.html
548,https://economistsview.typepad.com/economistsview/2015/03/links-for-03-16-15.html
549,https://economistsview.typepad.com/economistsview/2015/03/links-for-03-31-15.html
550,https://economistsview.typepad.com/economistsview/2015/07/links-for-07-14-15.html
551,https://economistsview.typepad.com/economistsview/links/
552,https://economistsview.typepad.com/economistsview/2014/07/links-for-7-30-14.html
553,https://economistsview.typepad.com/.m/economistsview/2016/08/links-for-08-31-16/comments/
554,https://economistsview.typepad.com/economistsview/2015/12/links-for-12-17-15.html
555,https://economistsview.typepad.com/economistsview/2015/04/links-for-04-04-15.html
556,https://economistsview.typepad.com/economistsview/2015/02/links-for-02-07-15.html
557,https://economistsview.typepad.com/economistsview/2015/11/links-for-11-10115.html
558,https://economistsview.typepad.com/economistsview/2014/12/links-for-12-28-14.html
559,https://economistsview.typepad.com/economistsview/2016/09/links-for-09-14-16.html
560,https://economistsview.typepad.com/economistsview/2013/12/links-for-12-06-2013.html
561,https://economistsview.typepad.com/economistsview/2016/01/links-for-01-21-16.html
562,https://economistsview.typepad.com/economistsview/2014/09/links-for-9-27-14.html
563,https://economistsview.typepad.com/economistsview/2014/12/links-for-12-28-14.html
564,https://economistsview.typepad.com/.m/economistsview/2016/09/links-for-09-14-16/comments/
565,https://economistsview.typepad.com/economistsview/2016/12/links-for-12-03-16.html
566,https://economistsview.typepad.com/economistsview/2016/04/links-for-04-12-16.html
567,https://economistsview.typepad.com/economistsview/2016/01/links-for-01-03-16.html
568,https://economistsview.typepad.com/economistsview/2016/08/links-for-08-31-16.html
569,https://economistsview.typepad.com/economistsview/2016/09/links-for-09-28-16.html
570,https://economistsview.typepad.com/economistsview/2016/12/links-for-12-02-16.html
571,https://economistsview.typepad.com/economistsview/2016/06/links-for-06-24-16.html
572,https://economistsview.typepad.com/economistsview/2016/02/links-for-02-09-16.html
573,https://economistsview.typepad.com/economistsview/2016/08/links-for-08-05-16.html
574,https://economistsview.typepad.com/economistsview/2016/06/links-for-06-10-16.html
575,https://economistsview.typepad.com/economistsview/2016/06/links-for-06-07-16.html
576,https://economistsview.typepad.com/economistsview/2016/05/links-for-05-26-16.html
577,https://economistsview.typepad.com/economistsview/2016/12/links-for-12-30-16.html
578,https://economistsview.typepad.com/economistsview/2016/11/links-for-11-10-16.html
579,https://economistsview.typepad.com/economistsview/2016/02/links-for-02-12-16.html
580,https://economistsview.typepad.com/.m/economistsview/2016/09/links-for-09-14-16/comments/
581,https://economistsview.typepad.com/economistsview/2016/10/links-for-10-11-16.html
582,https://economistsview.typepad.com/.m/economistsview/2016/08/links-for-08-31-16/comments/
583,https://economistsview.typepad.com/economistsview/2016/03/links-for-03-05-16/comments/
584,https://economistsview.typepad.com/economistsview/2019/05/links-5619.html
585,https://economistsview.typepad.com/economistsview/2016/03/links-for-03-16-16/comments/page/2/
586,https://economistsview.typepad.com/economistsview/2016/09/links-for-09-27-16.html
587,https://economistsview.typepad.com/economistsview/2016/12/links-for-12-08-16.html
588,https://economistsview.typepad.com/economistsview/2016/12/links-for-12-07-16.html
589,https://economistsview.typepad.com/economistsview/2016/09/links-for-09-16-16.html
590,https://economistsview.typepad.com/economistsview/2016/06/links-for-06-12-16.html
591,https://economistsview.typepad.com/economistsview/2016/06/links-for-06-24-16.html
592,https://economistsview.typepad.com/economistsview/2016/04/links-for-04-13-16.html
593,https://economistsview.typepad.com/economistsview/2016/01/links-for-01-21-16.html
594,https://economistsview.typepad.com/economistsview/2016/08/links-for-08-29-16.html
595,https://economistsview.typepad.com/economistsview/2016/03/links-for-03-22-16.html?p=2
596,https://economistsview.typepad.com/economistsview/2016/09/links-for-09-24-16.html
597,https://economistsview.typepad.com/economistsview/2016/12/links-for-12-31-16.html
598,https://economistsview.typepad.com/economistsview/2016/03/links-for-03-26-16.html
599,https://economistsview.typepad.com/economistsview/2016/02/links-for-02-17-16.html
600,https://economistsview.typepad.com/economistsview/2016/02/links-for-02-27-16.html
601,https://economistsview.typepad.com/economistsview/2016/06/links-for-06-26-16.html
602,https://economistsview.typepad.com/economistsview/2016/09/links-for-09-07-16.html
603,https://economistsview.typepad.com/economistsview/2016/02/links-for-02-02-16.html
604,https://economistsview.typepad.com/economistsview/2016/05/links-for-05-26-16.html
605,https://economistsview.typepad.com/economistsview/2016/08/links-for-08-05-16.html
606,https://economistsview.typepad.com/economistsview/2016/10/links-for-10-12-16.html
607,https://economistsview.typepad.com/economistsview/2016/05/links-for-05-23-16.html?p=2
608,https://economistsview.typepad.com/economistsview/2016/10/links-for-10-08-16.html
609,https://economistsview.typepad.com/economistsview/2015/12/links-for-12-21-15.html
610,https://economistsview.typepad.com/economistsview/2019/09/links-90519.html
611,https://economistsview.typepad.com/economistsview/2017/11/links-for-11-10-17.html
612,https://economistsview.typepad.com/economistsview/2019/07/links-71519.html
613,https://economistsview.typepad.com/economistsview/2019/05/links-52419/comments/
614,https://economistsview.typepad.com/economistsview/2016/04/links-for-04-12-16.html
615,https://economistsview.typepad.com/economistsview/2016/04/links-for-04-13-16.html
616,https://economistsview.typepad.com/economistsview/2016/09/links-for-09-24-16.html
617,https://economistsview.typepad.com/economistsview/2017/04/links-for-04-21-17.html
618,https://economistsview.typepad.com/economistsview/2015/01/links-for-01-20-15.html
619,https://economistsview.typepad.com/economistsview/2015/06/links-for-06-10-15.html
620,https://economistsview.typepad.com/economistsview/2016/06/links-for-06-12-16.html
621,https://economistsview.typepad.com/economistsview/2016/11/links-for-11-18-16.html
622,https://economistsview.typepad.com/economistsview/2016/11/links-for-11-10-16.html
623,https://economistsview.typepad.com/economistsview/2016/12/links-for-12-07-16.html
624,https://economistsview.typepad.com/economistsview/2016/08/links-for-08-29-16.html
625,https://economistsview.typepad.com/economistsview/2016/06/links-for-06-10-16.html
626,https://economistsview.typepad.com/economistsview/2016/10/links-for-10-08-16.html
627,https://economistsview.typepad.com/economistsview/2016/07/links-for-07-04-16.html
628,https://economistsview.typepad.com/economistsview/2016/08/links-for-08-09-16.html
629,https://economistsview.typepad.com/economistsview/2016/05/links-for-05-23-16.html?p=2
630,https://economistsview.typepad.com/economistsview/2016/11/links-for-11-16-16.html
631,https://economistsview.typepad.com/economistsview/2016/05/links-for-05-05-16.html?p=2
632,https://economistsview.typepad.com/economistsview/2019/07/links-7919.html
633,https://economistsview.typepad.com/economistsview/2017/01/links-for-01-10-17.html
634,https://economistsview.typepad.com/economistsview/2017/08/links-for-08-01-17.html
635,https://economistsview.typepad.com/economistsview/2017/03/links-for-03-02-17.html
636,https://economistsview.typepad.com/economistsview/2017/01/links-for-01-11-17.html
637,https://economistsview.typepad.com/economistsview/2017/02/links-for-02-27-17.html
638,https://economistsview.typepad.com/economistsview/2017/02/links-for-02-03-17.html
639,https://economistsview.typepad.com/economistsview/2017/12/links-for-12-15-17.html
640,https://economistsview.typepad.com/economistsview/2017/11/links-for-11-15-17.html
641,https://economistsview.typepad.com/economistsview/2017/12/links-for-12-13-17.html?p=1
642,https://economistsview.typepad.com/economistsview/2017/04/links-for-04-22-17.html?p=1
643,https://economistsview.typepad.com/economistsview/2017/10/links-for-10-26-17.html
644,https://economistsview.typepad.com/economistsview/2017/01/links-for-01-17-17.html
645,https://economistsview.typepad.com/economistsview/2017/05/links-for-05-08-17.html
646,https://economistsview.typepad.com/economistsview/2017/02/links-for-02-01-17.html
647,https://economistsview.typepad.com/economistsview/2017/10/links-for-10-10-17.html
648,https://economistsview.typepad.com/economistsview/2017/07/links-for-07-13-17.html
649,https://economistsview.typepad.com/economistsview/2017/05/links-for-05-02-17.html
650,https://economistsview.typepad.com/economistsview/2017/12/links-for-12-08-17.html
651,https://economistsview.typepad.com/economistsview/2017/07/links-for-07-12-17.html
652,https://economistsview.typepad.com/economistsview/2017/10/links-for-10-16-17.html
653,https://economistsview.typepad.com/economistsview/2017/11/links-for-11-21-17.html
654,https://economistsview.typepad.com/economistsview/2017/05/links-for-05-10-17.html
655,https://economistsview.typepad.com/economistsview/2017/05/links-for-05-18-17.html
656,https://economistsview.typepad.com/economistsview/2017/05/links-for-05-17-17.html
657,https://economistsview.typepad.com/economistsview/2017/07/links-for-07-22-17/comments/page/2/
658,https://economistsview.typepad.com/economistsview/2019/06/links-6519.html
659,https://economistsview.typepad.com/.m/economistsview/2016/09/links-for-09-14-16/comments/
660,https://economistsview.typepad.com/economistsview/2019/06/links-61719.html
661,https://economistsview.typepad.com/economistsview/2017/04/links-for-04-19-17.html
662,https://economistsview.typepad.com/economistsview/2017/03/links-for-03-02-17.html
663,https://economistsview.typepad.com/economistsview/2017/01/links-for-01-11-17.html
664,https://economistsview.typepad.com/economistsview/2017/09/links-for-09-25-17.html
665,https://economistsview.typepad.com/economistsview/2017/11/links-for-11-25-17.html
666,https://economistsview.typepad.com/economistsview/2017/07/links-for-07-04-17.html
667,https://economistsview.typepad.com/economistsview/2017/04/links-for-04-06-17.html
668,https://economistsview.typepad.com/economistsview/2017/10/links-for-10-26-17.html
669,https://economistsview.typepad.com/economistsview/2017/10/links-for-10-22-17.html
670,https://economistsview.typepad.com/economistsview/2017/04/links-for-04-25-17.html
671,https://economistsview.typepad.com/economistsview/2017/07/links-for-07-12-17.html
672,https://economistsview.typepad.com/economistsview/2017/03/links-for-03-03-17.html
673,https://economistsview.typepad.com/economistsview/2017/05/links-for-05-18-17.html
674,https://economistsview.typepad.com/economistsview/2017/02/links-for-02-14-17.html
675,https://economistsview.typepad.com/economistsview/2017/08/links-for-08-29-17.html
676,https://economistsview.typepad.com/economistsview/2017/11/links-for-11-03-17.html
677,https://economistsview.typepad.com/economistsview/2017/05/links-for-05-14-17.html
678,https://economistsview.typepad.com/economistsview/links/
679,https://economistsview.typepad.com/economistsview/2019/08/links-82319.html
680,https://economistsview.typepad.com/economistsview/2019/06/links-61719.html
681,https://economistsview.typepad.com/economistsview/2019/06/links-6519.html
682,https://economistsview.typepad.com/economistsview/2017/09/links-for-09-19-17/comments/page/2/
683,https://economistsview.typepad.com/economistsview/2019/09/links-90519.html
684,https://economistsview.typepad.com/timduy/2014/02/links-for-2-25-14.html
685,https://economistsview.typepad.com/economistsview/2017/04/links-for-04-24-17.html
686,https://economistsview.typepad.com/economistsview/2017/04/links-for-04-22-17.html
687,https://economistsview.typepad.com/economistsview/2017/12/links-for-12-15-17.html
688,https://economistsview.typepad.com/economistsview/2017/11/links-for-11-08-17.html
689,https://economistsview.typepad.com/economistsview/2017/11/links-for-11-21-17.html
690,https://economistsview.typepad.com/economistsview/2017/04/links-for-04-06-17.html
691,https://economistsview.typepad.com/economistsview/2017/05/links-for-05-30-17.html
692,https://economistsview.typepad.com/economistsview/2017/09/links-for-09-25-17.html
693,https://economistsview.typepad.com/economistsview/2017/04/links-for-04-25-17.html
694,https://economistsview.typepad.com/economistsview/2017/02/links-for-02-01-17.html
695,https://economistsview.typepad.com/economistsview/2017/05/links-for-05-17-17.html
696,https://economistsview.typepad.com/economistsview/2017/10/links-for-10-10-17.html
697,https://economistsview.typepad.com/economistsview/2017/01/links-for-01-07-17.html
698,https://economistsview.typepad.com/economistsview/2017/05/links-for-05-14-17.html
699,https://economistsview.typepad.com/economistsview/2017/11/links-for-11-14-17.html
700,https://economistsview.typepad.com/economistsview/2017/07/links-for-07-15-17.html
701,https://economistsview.typepad.com/economistsview/2017/09/links-for-09-20-17.html
702,https://economistsview.typepad.com/economistsview/2017/03/links-for-03-15-06.html
703,https://economistsview.typepad.com/economistsview/2017/11/links-for-11-20-17.html
704,https://economistsview.typepad.com/timduy/2014/02/links-for-2-25-14.html
705,https://economistsview.typepad.com/economistsview/2017/02/links-for-02-14-17.html
706,https://economistsview.typepad.com/economistsview/2017/06/links-for-06-14-17.html
707,https://economistsview.typepad.com/economistsview/2017/04/links-for-04-26-17.html
708,https://economistsview.typepad.com/economistsview/2017/07/links-for-07-24-17.html
709,https://economistsview.typepad.com/economistsview/2017/08/links-for-08-24-17.html
710,https://economistsview.typepad.com/economistsview/2017/11/links-for-11-08-17.html
711,https://economistsview.typepad.com/economistsview/2017/08/links-for-08-15-17.html
712,https://economistsview.typepad.com/economistsview/2019/09/links-91319.html
713,https://economistsview.typepad.com/economistsview/2017/10/links-for-10-06-17.html
714,https://economistsview.typepad.com/economistsview/2018/10/links-103118.html
715,https://economistsview.typepad.com/economistsview/2019/09/links-91319.html
716,https://economistsview.typepad.com/economistsview/2019/09/links-91319.html
717,https://economistsview.typepad.com/economistsview/2019/09/links-90519.html
718,https://economistsview.typepad.com/economistsview/2018/01/links-for-01-15-18.html
719,https://economistsview.typepad.com/economistsview/2018/01/links-for-01-25-18.html
720,https://economistsview.typepad.com/economistsview/2018/04/links-1.html
721,https://economistsview.typepad.com/economistsview/2018/02/links-for-02-26-18.html
722,https://economistsview.typepad.com/economistsview/2018/02/links-for-02-15-18.html
723,https://economistsview.typepad.com/economistsview/2018/03/links-for-03-09-18.html
724,https://economistsview.typepad.com/economistsview/2018/03/links-for-03-23-18.html
725,https://economistsview.typepad.com/economistsview/2018/02/links-for-02-05-18.html
726,https://economistsview.typepad.com/economistsview/2018/02/links-for-02-19-18.html
727,https://economistsview.typepad.com/economistsview/2018/10/links-102218.html
728,https://economistsview.typepad.com/economistsview/2018/03/links-for-03-28-18.html
729,https://economistsview.typepad.com/economistsview/2018/01/links-for-01-30-18.html
730,https://economistsview.typepad.com/economistsview/2018/11/links-111518.html
731,https://economistsview.typepad.com/economistsview/2018/02/links-for-02-22-18.html
732,https://economistsview.typepad.com/economistsview/2018/06/links-1.html
733,https://economistsview.typepad.com/economistsview/2018/10/links-103118.html
734,https://economistsview.typepad.com/economistsview/2018/02/links-for-02-07-18.html
735,https://economistsview.typepad.com/economistsview/2018/02/links-for-02-13-18.html
736,https://economistsview.typepad.com/economistsview/2019/05/links-52819.html
737,https://economistsview.typepad.com/economistsview/2017/12/links-for-12-31-17.html
738,https://economistsview.typepad.com/economistsview/2019/08/links-82319.html
739,https://economistsview.typepad.com/economistsview/2019/06/links-61719.html
740,https://economistsview.typepad.com/economistsview/2019/05/links-52419.html
741,https://economistsview.typepad.com/economistsview/2019/05/links-52219.html
742,https://economistsview.typepad.com/economistsview/2010/03/links-for-2010-03-22.html
743,https://economistsview.typepad.com/economistsview/2018/02/links-for-02-22-18.html
744,https://economistsview.typepad.com/economistsview/2018/09/links-91118.html
745,https://economistsview.typepad.com/economistsview/2018/05/links-1.html
746,https://economistsview.typepad.com/economistsview/2018/05/links-2.html
747,https://economistsview.typepad.com/economistsview/2018/07/links-71318.html
748,https://economistsview.typepad.com/economistsview/2018/09/links-91718.html
749,https://economistsview.typepad.com/economistsview/2018/12/links-12418.html
750,https://economistsview.typepad.com/economistsview/2018/08/links-81318.html
751,https://economistsview.typepad.com/economistsview/2018/12/links-12718.html
752,https://economistsview.typepad.com/economistsview/2018/11/links-11718.html
753,https://economistsview.typepad.com/economistsview/2018/10/links-102418.html
754,https://economistsview.typepad.com/economistsview/2018/11/links-112118.html
755,https://economistsview.typepad.com/economistsview/2018/07/links-7218.html
756,https://economistsview.typepad.com/economistsview/2018/05/links-6.html
757,https://economistsview.typepad.com/economistsview/2017/12/links-for-12-31-17.html
758,https://economistsview.typepad.com/economistsview/2018/11/links-11518.html?p=2
759,https://economistsview.typepad.com/economistsview/2019/09/links-91319.html
760,https://economistsview.typepad.com/economistsview/2019/06/links-6519.html
761,https://economistsview.typepad.com/economistsview/2018/12/couple-of-links-demography-unemployment-and-automation-voxeu-market-power-or-just-scale-economies-promarket-n.html
762,https://economistsview.typepad.com/economistsview/2017/12/links-for-12-26-17.html
763,https://economistsview.typepad.com/economistsview/2017/10/links-for-10-22-17.html
764,https://economistsview.typepad.com/economistsview/2019/05/links-52219.html
765,https://economistsview.typepad.com/economistsview/2019/05/links-51619.html
766,https://economistsview.typepad.com/economistsview/2019/09/links-92519.html
767,https://economistsview.typepad.com/economistsview/2018/10/links-10818.html
768,https://economistsview.typepad.com/economistsview/2018/12/links-123118.html
769,https://economistsview.typepad.com/economistsview/2018/10/links-103118.html
770,https://economistsview.typepad.com/economistsview/2018/05/links-1.html
771,https://economistsview.typepad.com/economistsview/2018/07/links-71318.html
772,https://economistsview.typepad.com/economistsview/2018/09/links-92618.html
773,https://economistsview.typepad.com/economistsview/2018/06/links-62818.html
774,https://economistsview.typepad.com/economistsview/2018/08/links-81318.html
775,https://economistsview.typepad.com/economistsview/2018/11/links-111918.html
776,https://economistsview.typepad.com/economistsview/links/index.html
777,https://economistsview.typepad.com/economistsview/2018/07/links-71818.html
778,https://economistsview.typepad.com/economistsview/2018/05/links-2.html
779,https://economistsview.typepad.com/economistsview/2018/09/links-91118.html
780,https://economistsview.typepad.com/economistsview/2018/12/links-12718.html
781,https://economistsview.typepad.com/economistsview/2018/10/links-101118.html
782,https://economistsview.typepad.com/economistsview/2018/11/links-11518.html
783,https://economistsview.typepad.com/economistsview/2018/06/links-62518.html
784,https://economistsview.typepad.com/economistsview/2018/12/links-12418.html
785,https://economistsview.typepad.com/economistsview/2018/05/links-6.html
786,https://economistsview.typepad.com/economistsview/2018/11/links-112118.html
787,https://economistsview.typepad.com/economistsview/2019/08/links-82319.html
788,https://economistsview.typepad.com/economistsview/2019/05/links-52219.html
789,https://economistsview.typepad.com/economistsview/2019/09/links-92519.html
790,https://economistsview.typepad.com/economistsview/2018/05/links-2.html
791,https://economistsview.typepad.com/economistsview/links/
792,https://economistsview.typepad.com/economistsview/2019/10/links-103119.html
793,https://economistsview.typepad.com/economistsview/2019/04/links-42719.html
794,https://economistsview.typepad.com/economistsview/2019/08/links-82319.html
795,https://economistsview.typepad.com/economistsview/2019/05/links-53119.html
796,https://economistsview.typepad.com/economistsview/2019/05/links-5819.html
797,https://economistsview.typepad.com/economistsview/2019/08/links-80119.html
798,https://economistsview.typepad.com/economistsview/2019/06/links-6519.html
799,https://economistsview.typepad.com/economistsview/2019/05/links-52819.html
800,https://economistsview.typepad.com/economistsview/2019/06/links-62919.html
801,https://economistsview.typepad.com/economistsview/2019/09/links-91319.html
802,https://economistsview.typepad.com/economistsview/2019/05/links-51319.html
803,https://economistsview.typepad.com/economistsview/2019/05/links-52019.html
804,https://economistsview.typepad.com/economistsview/2019/05/links-5619.html
805,https://economistsview.typepad.com/economistsview/2019/06/links-61419.html
806,https://economistsview.typepad.com/economistsview/2019/08/links-80819.html
807,https://economistsview.typepad.com/economistsview/2019/07/links-71519.html
808,https://economistsview.typepad.com/economistsview/2019/09/links-90519.html
809,https://economistsview.typepad.com/economistsview/2019/01/links-11119.html
810,https://economistsview.typepad.com/economistsview/2019/05/links-51619.html
811,https://economistsview.typepad.com/economistsview/2019/03/links-3419.html
812,https://economistsview.typepad.com/economistsview/2019/01/links-12919.html
813,https://economistsview.typepad.com/economistsview/2019/11/links-110619.html
814,https://economistsview.typepad.com/economistsview/2019/07/links-72219.html
815,https://economistsview.typepad.com/economistsview/2019/03/links-31819.html
816,https://economistsview.typepad.com/economistsview/2019/05/links-51019.html
817,https://economistsview.typepad.com/economistsview/2019/05/links-52219.html
818,https://economistsview.typepad.com/economistsview/2019/02/links-2419.html
819,https://economistsview.typepad.com/economistsview/2019/04/links-4519.html
820,https://economistsview.typepad.com/economistsview/2019/02/links-2619.html
821,https://economistsview.typepad.com/economistsview/2019/01/links-12419.html
822,https://economistsview.typepad.com/economistsview/2019/05/links-52419.html
823,https://economistsview.typepad.com/economistsview/2019/03/links-32119.html
824,https://economistsview.typepad.com/economistsview/2019/09/links-92519.html
825,https://economistsview.typepad.com/economistsview/2019/06/links-61019.html
826,https://economistsview.typepad.com/economistsview/2019/01/links-12219.html
827,https://economistsview.typepad.com/economistsview/2019/03/links-32419.html
828,https://economistsview.typepad.com/economistsview/2019/07/links-7919.html
829,https://economistsview.typepad.com/economistsview/2019/10/links-catching-up-part-2.html
830,https://economistsview.typepad.com/economistsview/2019/03/links-33019.html
831,https://economistsview.typepad.com/economistsview/2019/02/links-21119.html
832,https://economistsview.typepad.com/economistsview/2012/02/links-for-2012-02-19.html
833,https://economistsview.typepad.com/economistsview/2014/02/links-for-02-19-2014.html
834,https://economistsview.typepad.com/economistsview/2015/07/links-for-07-20-15.html
835,https://economistsview.typepad.com/economistsview/2007/10/links-for-20-18.html
836,https://economistsview.typepad.com/economistsview/2014/06/links-for-6-19-14.html
837,https://economistsview.typepad.com/economistsview/2015/03/links-for-03-19-15.html
838,https://economistsview.typepad.com/economistsview/2008/09/links-for-20-18.html
839,https://economistsview.typepad.com/economistsview/2010/09/links-for-2010-09-19.html
840,https://economistsview.typepad.com/economistsview/2009/11/links-for-2009-11-19.html
841,https://economistsview.typepad.com/economistsview/2010/01/links-for-2010-01-19.html
842,https://economistsview.typepad.com/economistsview/2014/08/links-for-8-15-14.html
843,https://economistsview.typepad.com/economistsview/2009/01/links-for-200-6.html
844,https://economistsview.typepad.com/economistsview/2011/05/links-for-2011-05-19.html
845,https://economistsview.typepad.com/economistsview/2012/01/links-for-2012-01-12.html
846,https://economistsview.typepad.com/economistsview/2017/12/links-for-12-31-17.html
847,https://economistsview.typepad.com/economistsview/2016/08/links-for-08-31-16.html
848,https://economistsview.typepad.com/economistsview/2011/12/links-for-2011-12-31.html
849,https://economistsview.typepad.com/economistsview/2010/03/links-for-2010-03-22.html
850,https://economistsview.typepad.com/economistsview/2013/11/links-for-11-19-2013.html
851,https://economistsview.typepad.com/economistsview/2012/04/links-for-2012-04-04.html
852,https://economistsview.typepad.com/economistsview/2017/10/links-for-10-30-17.html
853,https://economistsview.typepad.com/economistsview/2017/08/links-for-08-21-17.html
854,https://economistsview.typepad.com/economistsview/2015/08/links-for-08-15-15.html
855,https://economistsview.typepad.com/economistsview/2012/06/links-for-06-04-2012.html
856,https://economistsview.typepad.com/economistsview/2013/01/links-for-01-30-2013.html
857,https://economistsview.typepad.com/economistsview/2017/11/links-for-11-17-17.html
858,https://economistsview.typepad.com/economistsview/2012/12/links-for-12-23-2012.html
859,https://economistsview.typepad.com/economistsview/2009/11/links-for-2009-11-09.html
860,https://economistsview.typepad.com/economistsview/2011/10/links-for-2011-10-31.html
861,https://economistsview.typepad.com/economistsview/2013/08/links-for-08-06-2013.html
862,https://economistsview.typepad.com/economistsview/2013/12/links-for-12-15-2013.html
863,https://economistsview.typepad.com/economistsview/2011/10/links-for-2011-10-02.html
864,https://economistsview.typepad.com/economistsview/2012/10/links-for-10-01-2012.html
865,https://economistsview.typepad.com/economistsview/2012/08/links-for-08-07-2012.html
866,https://economistsview.typepad.com/economistsview/2013/03/links-for-03-25-2013.html
867,https://economistsview.typepad.com/economistsview/2013/07/links-for-07-08-2013.html
868,https://economistsview.typepad.com/economistsview/2010/09/links-for-2010-09-10.html
869,https://economistsview.typepad.com/economistsview/2010/11/links-for-2010-11-11.html
870,https://economistsview.typepad.com/economistsview/2008/08/links-for-20-18.html
871,https://economistsview.typepad.com/economistsview/2008/05/links-for-20-18.html
872,https://economistsview.typepad.com/economistsview/2018/01/links-for-01-26-18.html
873,https://economistsview.typepad.com/economistsview/2015/01/links-for-01-31-15.html
874,https://economistsview.typepad.com/economistsview/2018/03/links-for-03-23-18.html
875,https://economistsview.typepad.com/economistsview/2010/12/links-for-2010-12-31.html
876,https://economistsview.typepad.com/economistsview/2010/12/links-for-2010-12-04.html
877,https://economistsview.typepad.com/economistsview/2009/01/links-for-200-4.html
878,https://economistsview.typepad.com/economistsview/2009/01/links-for-200-2.html
879,https://economistsview.typepad.com/economistsview/2011/09/links-for-2011-09-28.html
880,https://economistsview.typepad.com/economistsview/2010/12/links-for-2010-12-23.html
881,https://economistsview.typepad.com/economistsview/2016/12/links-for-12-04-16.html
882,https://economistsview.typepad.com/economistsview/2013/01/links-for-01-18-2013.html
883,https://economistsview.typepad.com/economistsview/2010/12/links-for-2010-12-13.html
884,https://economistsview.typepad.com/economistsview/2012/12/links-for-12-16-2012.html
885,https://economistsview.typepad.com/economistsview/2010/12/links-for-2010-12-08.html
886,https://economistsview.typepad.com/economistsview/2008/10/links-for-20-19.html
887,https://economistsview.typepad.com/economistsview/2013/01/links-for-01-14-2013.html
888,https://economistsview.typepad.com/economistsview/2012/05/links-for-2012-05-15.html
889,https://economistsview.typepad.com/economistsview/2013/06/links-for-06-04-2013.html
890,https://economistsview.typepad.com/economistsview/2010/08/links-for-2010-08-18.html
891,https://economistsview.typepad.com/economistsview/2007/08/links-for-20-30.html
892,https://economistsview.typepad.com/economistsview/2012/10/links-for-10-17-2012.html
893,https://economistsview.typepad.com/economistsview/2013/03/links-for-03-13-2013.html
894,https://economistsview.typepad.com/economistsview/2010/11/links-for-2010-11-28.html
895,https://economistsview.typepad.com/economistsview/2013/10/links-for-10-13-2013.html
896,https://economistsview.typepad.com/economistsview/2007/07/links-for-20-30.html
897,https://economistsview.typepad.com/economistsview/2011/10/links-for-2011-10-29.html
898,https://economistsview.typepad.com/economistsview/2013/08/links-for-08-09-2013.html
899,https://economistsview.typepad.com/economistsview/2011/03/links-for-2011-03-07.html
900,https://economistsview.typepad.com/economistsview/2009/07/links-for-2009-07-12.html
901,https://economistsview.typepad.com/economistsview/2009/07/links-for-2009-07-14.html
902,https://economistsview.typepad.com/economistsview/2012/11/links-for-11-02-2012.html
903,https://economistsview.typepad.com/economistsview/2012/05/links-for-2012-05-24.html
904,https://economistsview.typepad.com/economistsview/2013/02/links-for-02-24-2013.html
905,https://economistsview.typepad.com/economistsview/2013/05/links-for-05-24-2013.html
906,https://economistsview.typepad.com/economistsview/2013/02/links-for-02-14-2013.html
907,https://economistsview.typepad.com/economistsview/2018/12/links-123118.html
908,https://economistsview.typepad.com/economistsview/2017/06/links-for-06-26-17.html
909,https://economistsview.typepad.com/economistsview/2016/12/links-for-12-31-16.html
910,https://economistsview.typepad.com/economistsview/2011/01/links-for-2011-01-31.html
911,https://economistsview.typepad.com/economistsview/2016/06/links-for-06-18-16.html
912,https://economistsview.typepad.com/economistsview/2014/03/links-for-3-30-14.html
913,https://economistsview.typepad.com/economistsview/2009/03/links-for-20090328.html
914,https://economistsview.typepad.com/economistsview/2009/04/links-for-20090422.html
915,https://economistsview.typepad.com/economistsview/2012/04/links-for-2012-04-14.html
916,https://economistsview.typepad.com/economistsview/2017/03/links-for-03-11-06.html
917,https://economistsview.typepad.com/economistsview/2010/12/links-for-2010-12-21.html
918,https://economistsview.typepad.com/economistsview/2010/12/links-for-2010-12-15.html
919,https://economistsview.typepad.com/economistsview/2011/03/links-for-2011-03-31.html
920,https://economistsview.typepad.com/economistsview/2011/01/links-for-2011-01-24.html
921,https://economistsview.typepad.com/economistsview/2014/10/links-for-10-07-14.html
922,https://economistsview.typepad.com/economistsview/2014/08/links-for-8-06-14.html
923,https://economistsview.typepad.com/economistsview/2015/07/links-for-07-15-15.html
924,https://economistsview.typepad.com/economistsview/2009/08/links-for-2009-08-16.html
925,https://economistsview.typepad.com/economistsview/2011/08/links-for-2011-08-23.html
926,https://economistsview.typepad.com/economistsview/2009/02/links-for-20090204.html
927,https://economistsview.typepad.com/economistsview/2012/12/links-for-12-21-2012.html
928,https://economistsview.typepad.com/economistsview/2011/11/links-for-2011-11-20.html
929,https://economistsview.typepad.com/economistsview/2014/09/links-for-9-03-14.html
930,https://economistsview.typepad.com/economistsview/2009/11/links-for-2009-11-10.html
931,https://economistsview.typepad.com/economistsview/2012/03/links-for-2012-03-14.html
932,https://economistsview.typepad.com/economistsview/2013/06/links-for-06-10-2013.html
933,https://economistsview.typepad.com/economistsview/2013/04/links-for-04-09-2013.html
934,https://economistsview.typepad.com/economistsview/2013/06/links-for-06-22-2013.html
935,https://economistsview.typepad.com/economistsview/2011/10/links-for-2011-10-28.html
936,https://economistsview.typepad.com/economistsview/2012/12/links-for-12-12-2012.html
937,https://economistsview.typepad.com/economistsview/2012/10/links-for-10-04-2012.html
938,https://economistsview.typepad.com/economistsview/2013/02/links-for-02-15-2013.html
939,https://economistsview.typepad.com/economistsview/2013/03/links-for-03-01-2013.html
940,https://economistsview.typepad.com/economistsview/2011/10/links-for-2011-10-22.html
941,https://economistsview.typepad.com/economistsview/2014/02/links-for-02-11-2014.html
942,https://economistsview.typepad.com/economistsview/2013/10/links-for-10-28-2013.html
943,https://economistsview.typepad.com/economistsview/2013/08/links-for-08-30-2013.html
944,https://economistsview.typepad.com/economistsview/2015/03/links-for-03-31-15.html
945,https://economistsview.typepad.com/economistsview/2017/12/links-for-12-15-17.html
946,https://economistsview.typepad.com/economistsview/2017/12/links-for-12-08-17.html
947,https://economistsview.typepad.com/economistsview/2017/12/links-for-12-24-17.html
948,https://economistsview.typepad.com/economistsview/2018/09/links-91118.html
949,https://economistsview.typepad.com/economistsview/2011/06/links-for-2011-06-28.html
950,https://economistsview.typepad.com/economistsview/2011/10/links-for-2011-10-26.html
951,https://economistsview.typepad.com/economistsview/2010/04/links-for-2010-04-27.html
952,https://economistsview.typepad.com/economistsview/2009/12/links-for-2009-12-14.html
953,https://economistsview.typepad.com/economistsview/2010/06/links-for-2010-06-17.html
954,https://economistsview.typepad.com/economistsview/2013/10/links-for-10-28-2013.html
955,https://economistsview.typepad.com/economistsview/2011/06/links-for-2011-06-09.html
956,https://economistsview.typepad.com/economistsview/2012/01/links-for-2012-01-23.html
957,https://economistsview.typepad.com/economistsview/2009/11/links-for-2009-11-06.html
958,https://economistsview.typepad.com/economistsview/2012/05/links-for-2012-05-12.html
959,https://economistsview.typepad.com/economistsview/2009/03/links-for-20090324.html
960,https://economistsview.typepad.com/economistsview/2009/09/links-for-2009-09-26.html
961,https://economistsview.typepad.com/economistsview/2011/10/links-for-2011-10-17.html
962,https://economistsview.typepad.com/economistsview/2017/11/links-for-11-10-17.html
963,https://economistsview.typepad.com/economistsview/2013/03/links-for-03-24-2013.html
964,https://economistsview.typepad.com/economistsview/2009/11/links-for-2009-11-30.html
965,https://economistsview.typepad.com/economistsview/2010/03/links-for-2010-03-27.html
966,https://economistsview.typepad.com/economistsview/2013/09/links-for-09-22-2013.html
967,https://economistsview.typepad.com/economistsview/2013/09/links-for-09-12-2013.html
968,https://economistsview.typepad.com/economistsview/2011/07/links-for-2011-07-22.html
969,https://economistsview.typepad.com/economistsview/2013/08/links-for-08-28-2013.html
970,https://economistsview.typepad.com/economistsview/2013/02/links-for-02-07-2013.html
971,https://economistsview.typepad.com/economistsview/2013/02/links-for-02-10-2013.html
972,https://economistsview.typepad.com/economistsview/2013/09/links-for-09-20-2013.html
973,https://economistsview.typepad.com/economistsview/2011/10/links-for-2011-10-04.html
974,https://economistsview.typepad.com/economistsview/2014/02/links-for-02-05-2014.html
975,https://economistsview.typepad.com/economistsview/2013/05/links-for-05-02-2013.html
976,https://economistsview.typepad.com/economistsview/2009/12/links-for-2009-12-07.html
977,https://economistsview.typepad.com/economistsview/2012/07/links-for-07-21-2012.html
978,https://economistsview.typepad.com/economistsview/2014/02/links-for-02-17-2014.html
979,https://economistsview.typepad.com/economistsview/2013/11/links-for-11-25-2013.html
980,https://economistsview.typepad.com/economistsview/2019/02/links-2619.html
981,https://economistsview.typepad.com/economistsview/2015/12/links-for-12-31-15.html
982,https://economistsview.typepad.com/economistsview/2017/01/links-for-01-13-17.html
983,https://economistsview.typepad.com/economistsview/2017/06/links-for-06-01-17.html
984,https://economistsview.typepad.com/economistsview/2016/07/links-for-07-27-16.html
985,https://economistsview.typepad.com/economistsview/2015/08/links-for-08-15-15.html
986,https://economistsview.typepad.com/economistsview/2012/01/links-for-2012-01-23.html
987,https://economistsview.typepad.com/economistsview/2015/03/links-for-03-09-15.html
988,https://economistsview.typepad.com/economistsview/2017/10/links-for-10-26-17.html
989,https://economistsview.typepad.com/economistsview/2016/12/links-for-12-02-16.html
990,https://economistsview.typepad.com/economistsview/2007/11/links-for-20-19.html
991,https://economistsview.typepad.com/economistsview/2017/03/links-for-03-16-06.html
992,https://economistsview.typepad.com/economistsview/2017/05/links-for-05-17-17.html
993,https://economistsview.typepad.com/economistsview/2016/11/links-for-11-01-16.html
994,https://economistsview.typepad.com/economistsview/2015/05/links-for-05-28-15.html
995,https://economistsview.typepad.com/economistsview/2015/11/links-for-11-21-15.html
996,https://economistsview.typepad.com/economistsview/2016/04/links-for-04-30-16.html
997,https://economistsview.typepad.com/economistsview/2015/02/links-for-02-25-15.html
998,https://economistsview.typepad.com/economistsview/2016/08/links-for-08-09-16.html
999,https://economistsview.typepad.com/economistsview/2011/03/links-for-2011-03-14.html
1000,https://economistsview.typepad.com/economistsview/2009/05/links-for-2009-05-17.html
1001,https://economistsview.typepad.com/economistsview/2010/01/links-for-2010-01-25.html
1002,https://economistsview.typepad.com/economistsview/2013/06/links-for-06-06-2013.html
1003,https://economistsview.typepad.com/economistsview/2013/01/links-for-01-04-2013.html
1004,https://economistsview.typepad.com/economistsview/2009/11/links-for-2009-11-06.html
1005,https://economistsview.typepad.com/economistsview/2013/01/links-for-01-30-2013.html
1006,https://economistsview.typepad.com/economistsview/2010/03/links-for-2010-03-09.html
1007,https://economistsview.typepad.com/economistsview/2017/05/links-for-05-14-17.html
1008,https://economistsview.typepad.com/economistsview/2010/02/links-for-2010-02-25.html
1009,https://economistsview.typepad.com/economistsview/2010/12/links-for-2010-12-10.html
1010,https://economistsview.typepad.com/economistsview/2010/12/links-for-2010-12-31.html
1011,https://economistsview.typepad.com/economistsview/2012/10/links-for-10-09-2012.html
1012,https://economistsview.typepad.com/economistsview/2017/07/links-for-07-20-17.html
1013,https://economistsview.typepad.com/economistsview/2016/08/links-for-08-05-16.html
1014,https://economistsview.typepad.com/economistsview/2011/06/links-for-2011-06-09.html
1015,https://economistsview.typepad.com/economistsview/2009/01/links-for-20090126.html
1016,https://economistsview.typepad.com/economistsview/2009/07/links-for-2009-07-22.html
1017,https://economistsview.typepad.com/economistsview/2013/10/links-for-10-13-2013.html
1018,https://economistsview.typepad.com/economistsview/2013/07/links-for-07-08-2013.html
1019,https://economistsview.typepad.com/economistsview/2016/08/links-for-08-15-16.html
1020,https://economistsview.typepad.com/economistsview/2014/05/links-for-5-30-14.html
1021,https://economistsview.typepad.com/economistsview/2011/01/links-for-2011-01-15.html
1022,https://economistsview.typepad.com/economistsview/2017/04/links-for-04-24-17.html
1023,https://economistsview.typepad.com/economistsview/2014/06/links-for-6-04-14.html
1024,https://economistsview.typepad.com/economistsview/2017/05/links-for-05-16-17.html
1025,https://economistsview.typepad.com/economistsview/2011/12/links-for-2011-12-06.html
1026,https://economistsview.typepad.com/economistsview/2017/03/links-for-03-03-17.html
1027,https://economistsview.typepad.com/economistsview/2014/09/links-for-9-27-14.html
1028,https://economistsview.typepad.com/economistsview/2013/01/links-for-01-26-2013.html
1029,https://economistsview.typepad.com/economistsview/2009/11/links-for-2009-11-30.html
1030,https://economistsview.typepad.com/economistsview/2013/01/links-for-01-12-2013.html
1031,https://economistsview.typepad.com/economistsview/2013/06/links-for-06-04-2013.html
1032,https://economistsview.typepad.com/economistsview/2013/06/links-for-06-22-2013.html
1033,https://economistsview.typepad.com/economistsview/2011/02/links-for-2011-02-01-.html
1034,https://economistsview.typepad.com/economistsview/2012/09/links-for-09-29-2012.html
1035,https://economistsview.typepad.com/economistsview/2013/10/links-for-10-28-2013.html
1036,https://economistsview.typepad.com/economistsview/2012/06/links-for-06-04-2012.html
1037,https://economistsview.typepad.com/economistsview/2011/07/links-for-2011-07-22.html
1038,https://economistsview.typepad.com/economistsview/2015/05/links-for-05-14-15.html
1039,https://economistsview.typepad.com/economistsview/2010/09/links-for-2010-09-26.html
1040,https://economistsview.typepad.com/economistsview/2012/09/links-for-09-25-2012.html
1041,https://economistsview.typepad.com/economistsview/2010/03/links-for-2010-03-17-1.html
1042,https://economistsview.typepad.com/economistsview/2014/02/links-for-02-17-2014.html
1043,https://economistsview.typepad.com/economistsview/2011/05/links-for-2011-05-04.html
1044,https://economistsview.typepad.com/economistsview/2013/09/links-for-09-21-2013.html
1045,https://economistsview.typepad.com/economistsview/2016/05/links-for-05-26-16.html
1046,https://economistsview.typepad.com/economistsview/2012/05/links-for-2012-05-05.html
1047,https://economistsview.typepad.com/economistsview/2013/02/links-for-02-04-2013.html
1048,https://economistsview.typepad.com/economistsview/2011/12/links-for-2011-12-07.html
1049,https://economistsview.typepad.com/economistsview/2013/07/links-for-07-15-2013.html
1050,https://economistsview.typepad.com/economistsview/2012/07/links-for-07-24-2012.html
1051,https://economistsview.typepad.com/economistsview/2012/10/links-for-10-25-2012.html
1052,https://economistsview.typepad.com/economistsview/2010/11/links-for-2010-11-11.html
1053,https://economistsview.typepad.com/economistsview/2012/11/links-for-11-27-2012.html
1054,https://economistsview.typepad.com/economistsview/2013/07/links-for-07-25-2013.html
1055,https://economistsview.typepad.com/economistsview/2010/02/links-for-2010-02-11.html
1056,https://economistsview.typepad.com/economistsview/2018/01/links-for-01-15-18.html
1057,https://economistsview.typepad.com/economistsview/2015/01/links-for-01-20-15.html
1058,https://economistsview.typepad.com/economistsview/2017/03/links-for-03-23-06.html
1059,https://economistsview.typepad.com/economistsview/2015/08/links-for-08-13-15.html
1060,https://economistsview.typepad.com/economistsview/2011/04/links-for-2011-04-28.html
1061,https://economistsview.typepad.com/economistsview/2017/06/links-for-06-15-17.html
1062,https://economistsview.typepad.com/economistsview/2014/06/links-for-6-04-14.html
1063,https://economistsview.typepad.com/economistsview/2010/12/links-for-2010-12-28.html
1064,https://economistsview.typepad.com/economistsview/2008/12/links-for-200-2.html
1065,https://economistsview.typepad.com/economistsview/2016/09/links-for-09-24-16.html
1066,https://economistsview.typepad.com/economistsview/2010/01/links-for-2010-01-25.html
1067,https://economistsview.typepad.com/economistsview/2017/05/links-for-05-16-17.html
1068,https://economistsview.typepad.com/economistsview/2012/05/links-for-2012-05-05.html
1069,https://economistsview.typepad.com/economistsview/2015/07/links-for-07-21-15.html
1070,https://economistsview.typepad.com/economistsview/2010/05/links-for-2010-05-29.html
1071,https://economistsview.typepad.com/economistsview/2010/06/links-for-2010-06-11.html
1072,https://economistsview.typepad.com/economistsview/2015/07/links-for-07-07-15.html
1073,https://economistsview.typepad.com/economistsview/2009/05/links-for-2009-05-07.html
1074,https://economistsview.typepad.com/economistsview/2009/04/links-for-20090403.html
1075,https://economistsview.typepad.com/economistsview/2010/11/links-for-2010-11-25.html
1076,https://economistsview.typepad.com/economistsview/2011/09/links-for-2011-09-10.html
1077,https://economistsview.typepad.com/economistsview/2012/10/links-for-10-09-2012.html
1078,https://economistsview.typepad.com/economistsview/2017/07/links-for-07-15-17.html
1079,https://economistsview.typepad.com/economistsview/2011/11/links-for-2011-11-04.html
1080,https://economistsview.typepad.com/economistsview/2011/11/links-for-2011-11-01.html
1081,https://economistsview.typepad.com/economistsview/2012/08/links-for-08-08-2012.html
1082,https://economistsview.typepad.com/economistsview/2011/12/links-for-2011-12-06.html
1083,https://economistsview.typepad.com/economistsview/2011/07/links-for-2011-07-13.html
1084,https://economistsview.typepad.com/economistsview/2011/11/links-for-2011-11-08.html
1085,https://economistsview.typepad.com/economistsview/2011/09/links-for-2011-09-08-1.html
1086,https://economistsview.typepad.com/economistsview/2011/11/links-for-2011-11-14.html
1087,https://economistsview.typepad.com/economistsview/2009/02/links-for-20090203.html
1088,https://economistsview.typepad.com/economistsview/2010/05/links-for-2010-05-27.html
1089,https://economistsview.typepad.com/economistsview/2010/07/links-for-2010-07-08.html
1090,https://economistsview.typepad.com/economistsview/2013/08/links-for-08-13-2013.html
1091,https://economistsview.typepad.com/economistsview/2010/02/links-for-2010-02-09.html
