Domain,Title
blogspot.com,2358
nytimes.com,1906
voxeu.org,1168
typepad.com,826
ft.com,640
project-syndicate.org,435
wordpress.com,345
washingtonpost.com,251
economist.com,241
newyorkfed.org,226
bloomberg.com,170
nakedcapitalism.com,163
eurekalert.org,163
marginalrevolution.com,156
frbsf.org,154
google.com,143
creditwritedowns.com,140
robertreich.org,122
nber.org,121
economicprincipals.com,118
calculatedriskblog.com,117
newyorker.com,108
moneyandbanking.com,105
uneasymoney.com,104
econbrowser.com,103
digitopoly.org,103
baselinescenario.com,90
federalreserve.gov,82
bankunderground.com,73
bradford-delong.com,71
brookings.edu,69
scientificamerican.com,69
jaredbernsteinblog.com,68
promarket.org,68
mit.edu,66
guardian.com,65
cfr.org,65
newswires-americas.com,62
equitablegrowth.org,60
crookedtimber.org,58
tnr.com,55
bloombergview.com,54
newdeal20.org,54
ritholtz.com,53
abnormalreturns.com,49
VoxEU.org,49
slate.com,47
minneapolisfed.org,44
interfluidity.com,43
env-econ.net,40
imf.org,38
piie.com,38
lanekenworthy.net,38
richmondfed.org,37
epi.org,37
larrysummers.com,37
angrybearblog.com,36
microeconomicinsights.org,35
hbr.org,33
bruegel.org,32
marcfbellemare.com,32
uoregon.edu,31
huffingtonpost.com,31
blogs.com,29
econlib.org,28
latimes.com,28
newsneconomics.com,28
rogerfarmer.com,26
theregreview.org,26
motherjones.com,26
berkeley.edu,26
clevelandfed.org,25
time.com,24
lemonde.fr,24
triplecrisis.com,23
dallasfed.org,23
youtube.com,23
cheaptalk.org,23
theatlantic.com,22
boston.com,21
economonitor.com,21
theguardian.com,20
discovermagazine.com,20
paulromer.net,20
growthecon.com,19
whynationsfail.com,18
ineteconomics.org,17
spiegel.de,17
prospect.org,17
robertstavinsblog.org,16
frbatlanta.org,16
columbia.edu,16
andyharless.com,16
theincidentaleconomist.com,15
treasury.gov,15
andrewgelman.com,15
wellesley.edu,14
cbsnews.com,14
supplysideliberal.com,13
ssrn.com,13
blogspot.fr,12
blogspot.de,12
oecdinsights.org,12
regblog.org,12
businessweek.com,12
ryanavent.com,11
aeaweb.org,11
frswebservices.org,11
economicsone.com,11
arnoldkling.com,11
thefiscaltimes.com,10
irisheconomy.ie,10
aidwatchers.com,10
wired.com,10
nybooks.com,10
upenn.edu,9
croakingcassandra.com,9
chrisblattman.com,9
milescorak.com,9
timharford.com,9
themoneyillusion.com,8
dailygrail.com,8
chicagofed.org,8
theconglomerate.org,8
uchicago.edu,8
themonkeycage.org,8
csmonitor.com,7
creditslips.org,7
nymag.com,7
knowledgeproblem.com,7
org.uk,7
aljazeera.com,7
newrepublic.com,7
freakonomics.com,7
jaysonlusk.com,7
vox.com,7
marketplace.org,7
fistfulofeuros.net,6
unassumingeconomist.com,6
foreignaffairs.com,6
stlouisfed.org,6
blogspot.mx,6
co.kr,6
brendan-nyhan.com,6
democracyjournal.org,6
economistmom.com,6
plutocracyfiles.com,5
knowingandmaking.com,5
multiplier-effect.org,5
middleclasspoliticaleconomist.com,5
sciam.com,5
johnquiggin.com,5
marketobservation.com,5
andrewleigh.com,5
cbo.gov,5
com.au,5
ac.uk,5
gulf-times.com,4
arindube.com,4
bnet.com,4
rgemonitor.com,4
mikethemadbiologist.com,4
cnn.com,4
thesportseconomist.com,4
usnews.com,4
nationalreview.com,4
qz.com,4
mitsloanexperts.com,4
time-blog.com,4
startribune.com,4
notesonliberty.com,4
houseofdebt.org,4
worldbank.org,4
crooksandliars.com,4
tax.com,4
overcomingbias.com,4
org.in,3
enlightenmenteconomics.com,3
whitehouse.gov,3
vanityfair.com,3
nationalgeographic.com,3
nationalmemo.com,3
bbc.com,3
bepress.com,3
ndn.org,3
fivethirtyeight.com,3
investors.com,3
scottisheconomywatch.com,3
jeffrey-frankel.com,3
fresheconomicthinking.com,3
southasiablog.com,3
taipeitimes.com,3
kantooseconomics.com,3
andrewnorton.info,3
winterspeak.com,2
whichfamouseconomistareyoumostsimilarto.com,2
arxiv.org,2
thedailybeast.com,2
thebrowser.com,2
rooseveltinstitute.org,2
thehill.com,2
org.au,2
taxhistory.org,2
oup.com,2
ac.nz,2
telegraph.com,2
politico.com,2
stanford.edu,2
princeton.edu,2
thenation.com,2
taxpolicycenter.org,2
prosebeforehos.com,2
ssrc.org,2
soundcloud.com,2
rabble.ca,2
realitybase.org,2
theonion.com,2
andrewsullivan.com,2
scholarsstrategynetwork.org,2
thisamericanlife.org,2
uni-muenchen.de,2
twitter.com,2
alt-m.org,2
tcf.org,2
cornell.edu,2
or.jp,2
marco.org,2
economicsintelligence.com,2
bostonfed.org,2
freakonomicsmedia.com,2
foreignpolicy.com,2
grist.org,2
city-journal.org,2
newscientist.com,2
blogspot.ae,2
nature.com,2
bostonreview.net,2
buyingqp.com,2
keithhennessey.com,2
juancole.com,2
jhu.edu,2
npr.org,2
jeffreymiron.com,2
facebook.com,2
americanbanker.com,1
focus.com,1
timesonline.com,1
tinyrevolution.com,1
thepointmag.com,1
thirdway.org,1
gallup.com,1
gborjas.org,1
thepolitic.org,1
fivebooks.com,1
halloweencandybuyback.com,1
harvard.edu,1
hbs.edu,1
iasc-culture.org,1
independent.com,1
focus-economics.com,1
europa.eu,1
tumblr.com,1
facingup.org,1
yougov.com,1
yaledailynews.com,1
xe.com,1
wsj.com,1
coordinationproblem.org,1
contangoadvisors.com,1
withgoodreasonradio.org,1
dailykos.com,1
concordcoalition.org,1
willwilkinson.net,1
wiley.com,1
com.es,1
discourse.net,1
dmarron.com,1
econacademics.org,1
econjwatch.org,1
economicmobility.org,1
co.nz,1
uwo.ca,1
usatoday.com,1
econtalk.org,1
uomatters.com,1
eschatonblog.com,1
umn.edu,1
businessinsider.com,1
thebigmoney.com,1
irvinehousingblog.com,1
nj.com,1
blogspot.ca,1
rwi-essen.de,1
russellsage.org,1
rte.ie,1
mmegi.bw,1
jacobinmag.com,1
mondediplo.com,1
animalspiritspage.com,1
plan.be,1
antipope.org,1
antontarasenko.com,1
plosone.org,1
moonofalabama.org,1
repec.org,1
nasdaq.com,1
realclearpolicy.com,1
nautil.us,1
blogspot.ch,1
pos.org,1
publicintegrity.org,1
neave.com,1
net.au,1
bls.gov,1
rybinski.eu,1
salon.com,1
boeckler.de,1
businessethicsblog.com,1
basilhalperin.com,1
khaleejtimes.com,1
bu.edu,1
nydailynews.com,1
ssrnblog.com,1
pbs.org,1
bostonglobe.com,1
linkedin.com,1
livescience.com,1
lrb.com,1
macromomblog.com,1
slopedcurve.com,1
sfgate.com,1
sfchronicle.com,1
pewtrusts.org,1
philosophynow.org,1
boingboing.net,1
michelsanti.fr,1
newmarksdoor.com,1
niemanwatchdog.org,0
yale.edu,0
bis.org,0
oecd.org,0
networkedblogs.com,0
adamsmithslostlegacy.com,0
edu.au,0
chronicle.com,0
modeledbehavior.com,0
thomaspalley.com,0
cesifo-group.de,0
cato-unbound.org,0
themaven.net,0
heymancenter.org,0
hu-berlin.de,0
igmchicago.org,0
roboromney.com,0
